:100000000C94B2410C9456420C9456420C945642B5
:100010000C9456420C9456420C9456420C94564200
:100020000C9456420C9456420C9456420C945642F0
:100030000C9456420C94EF450C9456420C94564244
:100040000C9456420C9456420C9456420C945642D0
:100050000C9456420C9456420C9456420C945642C0
:100060000C9456420C9456420C9456420C945642B0
:100070005A5501200101003808000000000000006E
:100080000000000000000000000000000000000070
:100090009248A0483949EF4CD94CA348B248C148CE
:1000A000BF4CCF48DD4800408891D2E4ADB5B6BE24
:1000B000BFFF000000000000000000000000000082
:1000C0000000000000000000000000000000000030
:1000D0000000000000000000000000000000000020
:1000E0000000000000000000000000000000000010
:1000F00000000000000000000000000000000002FE
:1001000003040000000203050606000002056F5705
:1001100057570000056F570F0606000306570F06D6
:1001200005050005065706050504000506570605E2
:1001300004030000000000000000040302000000AF
:1001400000000606050302000000575706050402DA
:10015000000006065705050400000506060605050D
:1001600003000405060605050300030406570505FC
:1001700003000003060F0605040200030606060638
:10018000050500000506060606060000030506062E
:100190000F570000000305060605000000000304D9
:1001A000050500000000000003030000000000003F
:1001B0000000050606570505030006065706050458
:1001C000030006570F0605040300570F0605040336
:1001D00000000505050403000000050404030000F9
:1001E0000000030300000000000000000000000009
:1001F00000000000000000000000000C27000000CC
:10020000050500000C2F271E1E0E00000015150C02
:100210000C570000151E272F271E00151E03000077
:100220001E15002F02000003150300150200001E1A
:1002300000000000000000000000050505050505A0
:10024000050506060606060606065757575757576A
:1002500057570505050505050505050505050505AA
:10026000050503030303030303030000000000006C
:1002700000000005065705050300000506570505A3
:100280000300000506570505030000050657050590
:100290000300000506570505030000050657050580
:1002A0000300000506570505030000050657050570
:1002B000030000000000010A0A0A000001132E2EAC
:1002C0002E2E000A252EB7B737370125B737373717
:1002D0003737132E37372E2E25252537372E251362
:1002E00001012E372E25130000002E372E25000089
:1002F00000000A010100000000002E2E251301005D
:1003000000003737B7372E2513013737373737B760
:10031000372E2E3737373737B7370113252E2E377D
:1003200037370000000113252E2E000000000001C9
:100330000A0A0000000A37372E250000001337375D
:100340002E2500001337B7372E252E2EB7B7372EA0
:100350002E13373737372E2E250137372E2E2E25E1
:100360000A002E2E2E25130A00000A0A0A0A01008E
:1003700000002E373725010000002E3737251300E7
:1003800000002E37373725130000133737B73725CE
:1003900025250125373737B7B737000A25373737CF
:1003A000373700000A13252525250000000000002E
:1003B00000000000000000010A0A000000011325EF
:1003C0002E2E0113252EB7B737373737B7373737C4
:1003D00037373737372E2E2E25252E2E2E2525253D
:1003E0001301252525130100000000000000000076
:1003F00000000A0A0A01000000002E2E2E2513011B
:10040000000037B7B7373725130037373737373757
:1004100025012E2E2E2EB72E25011325B737372E68
:100420002501132E37372E2513002537372E2501AA
:100430000000000001133737251C00000A25B737DC
:10044000251C0001132E37372513000A25B7372E38
:100450000A0101252E37371C01001325B7372E134B
:100460000000252EB737250100002537372E130051
:1004700000002537372E13010000252E3737250AB7
:100480000000132537372E130100010A2E373725B8
:100490000A0000011C37372E25010000132E3737C4
:1004A00025130000012537372E13000000133737BE
:1004B0002E1C00000000000000AD00000000000045
:1004C0005BFF000000000000ADED00000000005BDD
:1004D000FF900000000000ADED80000000005BFF19
:1004E000808800000000ADED80910000005BFF906F
:1004F0009090FFFFFFFFFFFFFFFF808899888088B3
:100500008088809199918091809190909090909026
:100510009090918091809199919980888088998814
:1005200099888091809199919991909090909090D4
:100530009090FFFFFFFFFFFFFFFF80889988808872
:10054000EDAD809199918091FF5B9090909090EDAE
:10055000AD5B9199919991FF5B0099889988EDAD78
:100560005B0099919991FF5B0000909090EDAD5BDD
:100570000000000000021C656E6E00000B1D777706
:100580006537000B26777F776E76021D777FBF7702
:10059000766E0B2677BFBFBF766E14267F7F7FBF38
:1005A0007F2E26777F7F7F7FBF2E267F7F7F7F7F77
:1005B0007F2E6E6E6E6E6E6E6E6E373737373737D4
:1005C000373777777777777777773F773F773F77E3
:1005D0003F77BFBF7FBF7FBFBF7F777F777F777F4B
:1005E000777F777777777777777737373737373713
:1005F00037376E6E651C0200000037373737260B21
:10060000000077777777772E14003F773F777777FB
:100610002602BFBF7FBF7F776F14777F777F777F9B
:10062000771D777777777777772637373737373785
:100630003726005BF652000052AD005BF652000018
:10064000A4AD005BF6520052ADAD005BF65200A4C3
:10065000A4AD005BF65252AD52AD005BF65BA4A4B4
:1006600000AD005BF6A4AD5200AD005BF5ADA4009B
:1006700000ADFFAD5200A4AD5200FFADA400A4AD8B
:100680005200FFADAD52A4AD5200FFADA4A4A4AD85
:100690005200FFAD52ADA4AD5200FFAD00A4A4AD19
:1006A0005200FFAD0052ADA45200FFAD0000A4AD5A
:1006B00052000000000000000000000000000000E8
:1006C00000100000000810080000000008000000F2
:1006D00008080000000010221910000000000000AF
:1006E0000008000008101010101200001010191956
:1006F000191900000000000000001910080800008F
:100700000810001010101919222210192222191095
:1007100010100808080808111112101010111212F8
:1007200019191212121919191922191919191A213C
:100730002222000000000000000010101912100812
:10074000000019122219191100001022191919108C
:100750000800111919221A19080019192221191A49
:100760001100212C2222191911002B22221A1911F1
:1007700008000000000000081010000000081152DE
:10078000535300000812534343430008124385C6E5
:10079000868500115385C6DFF7F7081243C6F7F7C1
:1007A000C643085343C6F7C6434210534385DF434D
:1007B000424110101008000000005352111110089F
:1007C0000000434353521110080085434353521114
:1007D0001000C68543434A11110843434343435223
:1007E0001110424343434353111141424384435246
:1007F000111100F6F6F6F6F6A400F6FFF6F6F6A4EA
:100800005252F6F6F6ADADADA452F6F6ADADADADC5
:10081000AD52F6F6ADADADADAD52F6F6ADADADAD9A
:10082000A452ADF6F6ADADA45252005252525252FD
:10083000520000000000095B64640000095B64ADC5
:10084000ADAD000964ADADFFF6AD005BADADFFF63B
:10085000ADAD0964ADADF6ADADAD52A5ADADADADCF
:10086000ADAD005CA5ADADADADAD00040A5CA5AD10
:10087000ADAD64645B0900000000ADADA4645B092C
:100880000000ADADADA4645B0900ADADADA5A46441
:100890005B00ADADADADA4645B09ADADADADA46421
:1008A0005B49ADADADADA4645C00ADADADA5A55CDF
:1008B0000300000000ADED99918000005BFF998876
:1008C00080880000ADED99918091005BFF90909041
:1008D000909000ADED99919991805BFF91998899E5
:1008E0008880FFFFFFFFFFFFFFFFFFADADADADADA8
:1008F000ADAD9199919991999180998899889988AC
:1009000080889991999199918091909090909090F0
:100910009090918091999180918088808899888029
:100920008880FFFFFFFFFFFFFFFFADADADADADADB9
:10093000ADAD918091FF5B0000008088EDAD5B0064
:1009400000008091FF5B0000000090EDAD5B0000B7
:10095000000091FF5B0000000000EDAD5B000000B7
:100960000000FF5B000000000000AD5B0000000025
:100970000000267F7777777F7F2626773737377790
:100980007726143737373737772E0B7737373737A0
:100990003776022F37373737762F000B2F37373719
:1009A0002E2600000B1D2E2E2F2E00000002141DDF
:1009B000262637373737373737372E2E2E2E2E2E1F
:1009C0002E2E7F7F7F7F7F7F7F7F37373737373789
:1009D000373736373637363736372F2E2F2E2F2EDE
:1009E0002F2E2E2E2E2E2E2E2E2E26262626262656
:1009F000262637373737373737262E2E2E2E2E2EF0
:100A00002E267F7F7F7F7F7F771D373737373736BB
:100A10002F1436373637362F26022F2E2F2E2F2E15
:100A200014002E2E2E2E260B000026261D1402004A
:100A30000000005BF5AD520000AD005BF6A4A40021
:100A400000AD005BF65BAD5200AD005BF652A4A4B6
:100A500000AD005BF65252AD52AD005BF65200A401
:100A6000A4AD005BF6520052ADAD005BF652000043
:100A7000A4ADFFAD0000A4F65200FFAD0000A4F647
:100A80005200FFAD0052ADA45200FFAD00A4A4ADD2
:100A90005200FFAD52ADA4AD5200FFADA4A4A4AD71
:100AA0005200FFADAD52A4AD5200FFADA400A4AD05
:100AB000520000081022212A3335000810222A2B68
:100AC000353500081019222A2A2B0008101A19217E
:100AD00022220000101219191A1900000810121011
:100AE000191A000008101010101200001010191927
:100AF00019193535342B2C2C2B222C2B2B2A2A225E
:100B000021212B2A2122212219192122211A191AE5
:100B10001919191A1919191111121A191911121270
:100B200019191212121919191922191919191A2138
:100B300022222219191910110800191A1910120865
:100B400000001A19111219110000121112191910AE
:100B50000800111919191A19080019192221191A4E
:100B60001100212C2222191911002B22221A1911ED
:100B7000080010534343C64342411052434343438A
:100B8000414210114A4384434343081A5343438468
:100B9000858500101A524A43434300000811115240
:100BA0004A4A000000081111111100000000080855
:100BB00011104142438543521111424384854352EF
:100BC000111143848543431111108585434352110C
:100BD000111043434A5211111008525211111A10A8
:100BE0000800111111111008000010101008000069
:100BF0000000000811111108080008114B854B1A5C
:100C00001108114BF7C6854B11111185C64343845A
:100C10001111114B854341851111111A4B84851116
:100C20001A11081111111A1A1108000808111110CF
:100C30000800090405565D5D66665213050E0E1622
:100C40000E0E5BE596050E160E0E0964AD66656424
:100C50006464005BADADADADEDED000964ADADAD6F
:100C6000ADAD0000495B64ADADAD00000009525B65
:100C7000646466665D144D0403090E0E06060504E1
:100C800003520E0E06064595ED526464A4A4F6A424
:100C90005B09F6F6F6A5A45B5B00ADADADA5A45B64
:100CA0000900ADADA5A45B49000064645B52090076
:100CB0000000000000000043444D000000004445D7
:100CC0004E4E000000434D4E4E4E000000444E4E2E
:100CD0004E4E0000434D4E4E4E4E0000444D4E4E83
:100CE0004E4E00004D4D4D4E4E4E00434D565F4D05
:100CF000564E00000000000000000000000000420E
:100D000043430000000042455F5F0000000044577D
:100D10006F6700000000444E676700000000434416
:100D20004E4E00000000004243430000000000005F
:100D30000000000000000000000042000000000071
:100D4000004145444343434343444E4E4E4E4E4E72
:100D50004E574E57575F675F574E4E4E4E4E4E4E54
:100D60004E4E4445454E4E4E4E454142424343430E
:100D7000424200004243434342004344454E4E4EEC
:100D800045444E4E57675F4E4E4E5F4E4E4E4E4E52
:100D90004E574E4E4E4E4E4E4E4E4E45444343439E
:100DA00044454443000000004143000000000000AF
:100DB0000000F6EDF6EDF6EDF6ED4242424242421B
:100DC0004242E6E5E6E5E6E5E6E593939393939301
:100DD0009393F6F6F6F6F6F6F6F6F7F7F7F7F7F773
:100DE000F7F7FFFFFFFFFFFFFFFFFFFFFFFFFFFF23
:100DF000FFFFF7F7F7F7F7F7F7F7FDFDFDFDFDFD4F
:100E0000FDFDFDFDFDFDFDFDFDFDF6F6F6F6F6F63C
:100E1000F6F69393939393939393E6E5E6E5E6E5ED
:100E2000E6E54242424242424242F6EDF6EDF6ED3E
:100E3000F6ED005BF652000000AD005BF6520000DC
:100E400000AD00095B09000000AD000000000000DB
:100E500000AD00000000000000AD00000000000038
:100E600000AD000000000000005B0000000000007A
:100E70000009FFAD0000A4AD5200FFAD0000A4AD1D
:100E80005200FFAD0000A4AD5200FFAD0000095BB1
:100E90000900FFAD000000000000FFAD00000000F1
:100EA0000000AD5B000000000000520900000000DF
:100EB0000000000019222B2C2C2C000019222C35AC
:100EC000352C00001119222C2B2200001119192C8D
:100ED0002219000000191122191900000011002226
:100EE00019000000000000110000000000000000D8
:100EF00000002C2C2C2C2C2C2B222B2B352C2222A2
:100F00002121222221222219191919221922191903
:100F10001119112219221919001100191122190091
:100F2000000000110019110000000000001900006D
:100F300000002219191910110800191A19190000B6
:100F400000001A1919110000000012191900000000
:100F50000000191911000000000000191100000024
:100F60000000001900000000000000110000000057
:100F70000000000008000000000000080800000059
:100F80000000000809080000000000000809000037
:100F90000000000000080800000000000000080039
:100FA0000000000000000908000000000000080028
:100FB0000000000000000000000000000000080821
:100FC0000000000008101010080800081810080899
:100FD00008080008100808080800000008080808A9
:100FE0000000000000000000000000000000000001
:100FF00000000000000000000000000000000000F1
:101000000000000808080800000000000808100898
:1010100000000000000008100800000000000008A8
:1010200008000000000000080000000000000000B0
:101030000000090406565D5D66665213060F1F37F1
:101040002F1F5BE5960F1F372F1F0964AD66656480
:101050006464005BADADADADEDED000964ADADAD6B
:10106000ADAD0000495B64ADADAD00000009525B61
:10107000646400000000000000000000020B0B028E
:101080000000000213251C0A0200001325641C1333
:101090000A000013641C1C130A00000B131C13131A
:1010A0000A0000000B13130A0000000000000000FB
:1010B0000000001D2F37372F2655002D35363737C6
:1010C000372F003536353637373702352D3635363A
:1010D000373702022C2D362E373702000A2E3636CD
:1010E00037370200002D353536370200001D2D2D13
:1010F0002E37564E4E4E4E4E4E4E26564E4E4E4E5F
:101100004E4E2F4D564E4E4E4E4E372F4D564E4E46
:101110004E4E37372F4D564E4E4E3737372F264DC2
:10112000564E373737376F564D553737376F67A7B6
:101130005F030043564E4E4E564D00444D4E4E4EAC
:101140004E4E434D444D4E4E4E4E444D4D4D4444F7
:101150004D4E444D4E4E4E4E4D44444D4E4E4E4ED1
:101160004E4E43444D4D4D4D4E4E424444444444F6
:1011700044444E4E4E4E4E4E4E4E4D4E4E4E4E4EA4
:101180004E4E4E564D4E4E4E4E4E4E4E4E4E564D71
:101190004E4E4D4D4E4E4E4E4D4E4E4444444D4D92
:1011A000444E4E4E4E4E4E4F4F4D444444444F5786
:1011B0004E030000000000000000000000000000DE
:1011C000000000000000000000000000000000001F
:1011D000000000000000000000000000000000000F
:1011E0000001000000000000035F0000000000009C
:1011F000045F00000000000000000000000000008C
:1012000000000000000000000001000000000103D9
:10121000040400010304175F5F5F03175F5F0E059F
:1012200005055F0E0505050505050505050505050B
:1012300005050000000000000000000000000000A4
:1012400000000304040404030100175F5F5F5F04F0
:1012500002010E0505050504040105050505050542
:101260000402050505050505040405050505050534
:101270000404000000000000000000000000000066
:10128000000000000000000000000000000000005E
:101290000102000000000102040400000000040339
:1012A00003020000000003020242000000000202EC
:1012B000A3A30000000000000000000000000102E5
:1012C00004040001020404040404040404040403E8
:1012D000030204030302020202020202424A4343DF
:1012E0004343525252A3A3A4A4A4A3A3A4A4A4AD71
:1012F000ADB600000000000000000404040302007A
:1013000000000404040404010000020202020302BB
:10131000000002020202020300004343434A0203A8
:101320000000A4A4A49B4A030000B6B6B6A49B0286
:1013300000000000000000000000000000000000AD
:101340000001000000000102040400000102040486
:101350005F5F0000040405050404000003030303A9
:101360000303000000000000525200000000A3A38D
:10137000A3A30000010204040404020404045F5F48
:101380005F5F045F5F5F1705050517050505050528
:101390000404040404040404040403030303030313
:1013A000030352A3A3A4A4A4A4A4A4A4A4ADADB66F
:1013B000B6B604040200000000005F5F04010000F4
:1013C00000000505040200000000040404030000FE
:1013D00000000404040300000000030303020000F3
:1013E0000000A49B890000000000B6A49B00000040
:1013F00000000000000000000000000000000000ED
:1014000000000000000000010204000001020404CA
:10141000045F010204045F5F170504045F170404FE
:101420000404040303030303030303030303030389
:101430000303000000000000000001020404040493
:10144000040404045F5F5F5F5F5F5F5F170505056E
:101450000505050505050505050504040404040442
:10146000040403030303030303030303030303034A
:101470000303000000000000000002000000000064
:101480000000040100000000000004020000000051
:10149000000005030000000000000303000000003E
:1014A0000000030200000000000003020000000032
:1014B00000000200001D363636370200002D2D35A3
:1014C000363702000A2E3636373702022C362D36D2
:1014D000373702352D35363537370035352D363728
:1014E0003737002D2E363737372F001D2F37372F40
:1014F000264D3737376F675F5F03373737376F569C
:101500004D553737372F264D564E37372F4D564EC0
:101510004E4E372F4D564E4E4E4E2F4D564E4E4E32
:101520004E4E26564E4E4E4E4E4E554E4E4E4E4EF4
:101530004E4E43444D575F5F5756444D4E4E4E4EB0
:101540004E4E444D4E4E4E4E4E4D444D4D4D4444E8
:10155000444D4344444D4D4D5656435657564E4EBA
:101560004E4E004D4E4E4E4E4E4E00444E4E4E4E42
:10157000565656564D4D4D4E4D434E4E4E4D444390
:10158000434E4444444D564E4E4D4D4D564E4E4E98
:101590004E4E4E4E4E4E4E4D4E4E4E4E564D4E4E65
:1015A0004E4E4D4E4E4E4E4E4E4E4E4E4E4E4E4E5C
:1015B0004E4E000000000000040500000000000086
:1015C0000304000000000000000100000000000013
:1015D000000000000000000000000000000000000B
:1015E00000000000000000000000000000000000FB
:1015F00000000505050505050505040505050505A6
:10160000050503040404050505050001030404049D
:1016100004040000000001030404000000000000B6
:1016200000010000000000000000000000000000B9
:101630000000050505050505040405050505050566
:101640000404050505050505040205050505050451
:101650000401040404040404020103040404040354
:101660000100000000000000000000000000000079
:10167000000000000000175F5F5F0000000005052C
:10168000050500000000030404050000000001023D
:101690000303000000000000010200000000000041
:1016A000000000000000000000000000000000003A
:1016B00000005F5F5F5F5F5F5F5F05050505050514
:1016C00005050505050505050505040405050505CC
:1016D00005050303030304040404000102030303D8
:1016E00003030000000001020303000000000000EB
:1016F00000005F5F5F5F1704000005050505050436
:1017000000000505050504040000050505040404A2
:1017100000000404040403020000030303030301A4
:1017200000000303030302000000000000000000AB
:101730000000000000009B9B9BA4000000020243ED
:101740004A520000030302020202000003040302E3
:101750000202000001020404040300000000010270
:101760000404000000000000000100000000000070
:101770000000A4A4ADADADB6B6B6529B9B9BA4A48D
:10178000A4A44A4A434343434343020202020202DF
:101790000202030202020202020204040403030220
:1017A000020202040404040404040000010204040C
:1017B0000404B6A49B0000000000A49B4A020000A1
:1017C0000000434A0203000000000202020300007E
:1017D00000000202020300000000020203020000F7
:1017E00000000404040100000000040302000000E3
:1017F000000003029B9B9BA4A4A4040402434A523E
:10180000529B0304030202024A4A01020404040335
:1018100003020000010204040404000000000001AF
:1018200002040000000000000000000000000000B2
:101830000000ADADADB6B6B6B6A49B9BA4A4A4A45F
:10184000A49B434343434343434A0202020202022E
:101850000202040303020202020204040404040458
:101860000404010204040404040300000000000056
:1018700000009B030000000000004A04000000007C
:10188000000002030000000000000203000000004E
:10189000000003020000000000000401000000003E
:1018A0000000020000000000000000000000000036
:1018B000000000434D564D444D4E00004D44444DF4
:1018C0004E4E0000444E4E4E4E4E0000434D4E4E86
:1018D0004E4E000000444E4E4E4E000000434D4E12
:1018E0004E4E0000000044454E4E000000000043F4
:1018F000444D4E4E4E4E4E4E4E4E4E4E4E4646462B
:101900004E4E4E4E46464545464E4E4E4645464642
:101910004F4E4E4E464546464F4E4E4E4E46464F15
:101920004E4E4E4E4E4E4E4E4E4E4E4E4E4E4E4ED7
:101930004E4E4E4E4E4E4E4E4E4E4E4E4F575746BC
:101940004E4E4E4F6F675F46464E4E57675F4E4551
:10195000464E4E5F574E4645464E4E4645454546D9
:10196000464E4E4E464646464E4E4E4E4E4E4E4EBF
:101970004E4E4344454E4E4E4E4E44454E57574EA6
:101980004E4E4E575767675F4E4E575757575F67D4
:10199000574E4E4E4E4E575F574E4E4E4E4E4E5732
:1019A0004E4E454E4E4E4E4E4E4E43454E4E4E4E74
:1019B0004E4E00000000000000000000000000008B
:1019C000121B0000000012246D6D000012246D64D3
:1019D000641B0012246D111B1B1B12246DFF001BC6
:1019E0001B1B1B2400A4001B1B1B1B1B1200121B18
:1019F0001B1200121B1B1B1B1B1B2424646D6D641C
:101A00001B1B641B1B1B1B1B1B121B1B1B1B1B12EF
:101A100012111B1B1B12121111121B121211111287
:101A2000121B1211111212121B1B11090912121290
:101A30001B2400000009121B09001200091B0012E0
:101A40001B091200091B00121B09000000091B12D0
:101A50001B121112000000121B121B11120009248C
:101A60001B1224241212241B1B126D231B1B1B1B75
:101A70001212000000000000000000000000000042
:101A80000000000000000000000000000000000056
:101A90000000000000000000121B000000001224E3
:101AA0006D6D000012246D64641B0012246D111B07
:101AB0001B1B0000000000000000000000000000F0
:101AC0000000000000000000000000121B1B1B1B98
:101AD0001B1B2424646D6D641B1B641B1B1B1B1BC5
:101AE0001B121B1B1B1B1B1212111B1B1B12121187
:101AF00011120000000000000000000000000000C3
:101B00000000000000000000000000000009121B9F
:101B100009001200091B00091B091200091B000023
:101B20001B090000000912001B1211120000001214
:101B30001B12000000000000000000000000000078
:101B40000000000000000000000000000000000095
:101B50000000000000000000000000000000000085
:101B60000000000000000000121B00000000122412
:101B70006D6D00000000000000000000000000008B
:101B80000000000000000000000000000000000055
:101B90000000000000000000000000121B1B1B1BC7
:101BA0001B1B2424646D6D641B1B641B1B1B1B1BF4
:101BB0001B120000000000000000000000000000F8
:101BC0000000000000000000000000000000000015
:101BD0000000000000000000000000000000121BD8
:101BE00009001200001209121B091200001B000953
:101BF0001B090000000000000000000001030C01B0
:101C000000000000031F0D0C000000001F0D150157
:101C100000000001160D0D0C00000001150D15014E
:101C2000000000010D0D0D0C141C00010D0B6514BE
:101C3000131300010A050C0A01000C160D041F0EF7
:101C4000150A1F0D051F160D0D0B1F0D0D041F0E80
:101C50000D0C160D051F160D0D1515141414141466
:101C600014151C1C1C656E650A1C131313651C13CC
:101C7000131300000000000000000000010C0A0126
:101C8000000000001F160C0A00000000010D0D03EB
:101C9000000000001F160D0401000000010D0D0CD6
:101CA00001001C141F160D0C01000B0B140A0C0C68
:101CB0000100000000000000000000000000000023
:101CC000000000000000000000000000000000090B
:101CD0005209000000000052A452000009520909F4
:101CE00052A4000052A45209095200000952A45201
:101CF0005B09000000000000000000000000000080
:101D000000000000000000000000000000000000D3
:101D1000000009000000000000005209000000005F
:101D200000005B521212520900005212EEAEA55290
:101D30000900021E1E02000000001E3717050000E9
:101D400000001E1717050000000002050503000033
:101D50000000000000000000000000000000000083
:101D60000000000000000000000000000000000073
:101D70000000004295420000000042954200000031
:101D8000000084830000000000009583009500009F
:101D900000008C8300950000000084830000000098
:101DA0000000428C42000000000000428C42000013
:101DB00000001B1B1B1B1B1B1211121B1B1B1212D7
:101DC00011000011121211110000000000000000AB
:101DD0000000000000000000000000000000000003
:101DE00000000000000000000000000000000000F3
:101DF00000000000000909121B240000000009096E
:101E0000121200000000000009090000000000009C
:101E100000000000000000000000000000000000C2
:101E200000000000000000000000000000000000B2
:101E300000001B1B1B1B1B1212091B1B1B12121267
:101E4000090012121212090900000000000000002F
:101E50000000000000000000000000000000000082
:101E60000000000000000000000000000000000072
:101E7000000012246DFF001B1B1B1B2400A4001B71
:101E80001B1B1B1B1200121B1B121B1B1B1B1B1BD8
:101E90001211121B1B1B1212110000111212111130
:101EA0000000000000000000000000000000000032
:101EB00000001B1212111112121B12111112121218
:101EC0001B1B1109091212121B2400000009091220
:101ED0001B2400000000090912120000000000008D
:101EE00009090000000000000000000000000000E0
:101EF00000001B11120009241B1224241212241B9F
:101F00001B126D231B1B1B1B12121B1B1B1B1B12EB
:101F100012091B1B1B1212120900121212120909BC
:101F200000000000000000000000000000000000B1
:101F30000000000012246D64641B0012246D111B4C
:101F40001B1B12246DFF001B1B1B1B2400A4001B6A
:101F50001B1B1B1B1200121B1B121B1B1B1B1B1B07
:101F60001211121B1B1B121211000011121211115F
:101F700000001B1B1B1B1B1212111B1B1B1212111F
:101F800011121B1212111112121B12111112121224
:101F90001B1B1109091212121B240000000909124F
:101FA0001B240000000009091212000000000000BC
:101FB00009090000000900091B121112000000129B
:101FC0001B121B11120009241B1224241212241BA1
:101FD0001B126D231B1B1B1B12121B1B1B1B1B121B
:101FE00012091B1B1B1212120900121212120909EC
:101FF000000000000B651C131C1C00011C13131CAB
:1020000065FF00011C131365FF6E00011C131365AF
:102010006E650000010A131C651C000001090A130B
:10202000131300000001090A0B0900000000000161
:1020300001011C131313131313136E1C1313131327
:10204000131365131313131313131C131313131305
:1020500013131313131313130B0B130B0A0A0A0A8C
:102060000A0A01010101010101010101010101014E
:102070000101130B0B0A0A010000130B0B0A0A09DA
:102080000100130B0B0A0A0901000B0B0A0A0A09CB
:1020900001000B0A0A0A090900000A0A0A090901D3
:1020A0000000090909090100000001010100000008
:1020B00000000000000952A452490000000009522B
:1020C000A45200000000520952A400000000525B1C
:1020D0000909000000005BA55B5B00000000525B8B
:1020E000A5A50000000052525B64000000000952E8
:1020F0005252095BAEA5A55B5200495BAEADAD6423
:102100005B099A5BAEADAD645B525BAEA5ADAD64F1
:102110005B52AEA5ADADAD645B52A5ADADAD645B3C
:102120005B52646464645B5B52525252525252522C
:102130005209000000000000000000000000000044
:10214000000000000000000000000000000000008F
:10215000000000000000021E1E02000000001E37EA
:102160001705000000001E171705000000000205FB
:1021700005030000000000954200000000009542A9
:1021800000000000000083000000000000000000CC
:10219000A795000000000000959500000000830056
:1021A0000000000000008C42000000000000008CD5
:1021B0004200000000000912121200000912121B56
:1021C0001B1B0009121B1B1B2D2400121B1A2D2484
:1021D000242409121B2424241B1B121B1B24241B34
:1021E0000909121B242409111B2D120909111B2D89
:1021F000241B12131209000000001B1212121209F4
:102200000000241B1B12121209001B1A1B121312AE
:1022100012001B1B1B1B12121209111B1B1B12127B
:10222000131224091B1B121212121B1B111B121258
:102230001212241209000000000012241B120900CF
:102240000000091224362412000000122D24361B2F
:1022500012000009122D241224120000122D1B1B43
:102260001B0900000912121B1200000000001209D5
:102270000000000000000009122400000009121BE9
:102280002412000012243624120900121B36242DB9
:102290001200122412242D120900091B1B1B2D12DF
:1022A000000000121B1212090000000009120000B9
:1022B0000000000000000000000000C7C700000090
:1022C000000000C7C7000000000000C7C7C700002B
:1022D000000000C7C7C7000000000000C7C700001B
:1022E00000000000C7C7C70000000000C7C7C70044
:1022F000000000454E444D4E4D550207444E444E9D
:102300004E4E0207064E4E4D444E030707054E4EF5
:102310004D44035F56074D4E4E4E04AF5F070744D2
:102320004D4E04FFAF560707054D04FFF75607074C
:1023300007050000000000000000000001030C0180
:1023400000000000031F0D0C000000001F0D150110
:1023500000000001160D0D0C00000001150D150107
:10236000000000010D0D0D0C0D1F00010D0B0E0ED8
:102370000E0E00010A050C0A01000C160D041F0EBA
:10238000150A1F0D051F160D0D0B1F0D0D041F0E39
:102390000D0C160D051F160D0D1515161616161615
:1023A00016151F1F1F6777670D1F0E0E0E670D0D89
:1023B0000E0E00000000000000000000010C0A01E9
:1023C000000000001F160C0A00000000010D0D03A4
:1023D000000000001F160D0401000000010D0D0C8F
:1023E00001001F141F160D0C01000D0D04040C0C30
:1023F00001000000000001010A13000000010A139F
:102400001C650000010B131C656E00000A131365A8
:102410006EFF00010B13136EFFFF000A1313136E00
:10242000FFFF000A1313136EFFFF000A1313136E4E
:10243000FFFF131313131313130B1C131313131393
:102440001313651C1313131313136E651313131354
:1024500013136E651313131313136E6513131313F2
:1024600013136E1C1313131313136E1C1313131374
:1024700013130B0A010100000000130B0B0A0100EB
:10248000000013130B0A0A01000013130B0B0A09B7
:10249000000013130B0B0A09010013130B0B0A099D
:1024A000090013130B0B0A09090013130B0B0A097C
:1024B000090000010B0B0100000001032F2F160B78
:1024C0000100052F37372F1E030105373F373737F8
:1024D0002F0302163727373F2F0301041F373737E3
:1024E0001F0B0002161F2F1516140000020B0B0BFA
:1024F0000200000002020200000001020B1E0B019C
:10250000000002272F2F1E020100162F3F372F0E2B
:1025100002001F37373F2F170E02272F2F37372F75
:1025200015032F2F1E2F3737270201030C0C2F27DF
:10253000140100000101010000000001020201017C
:102540000000010203030201010001020303030270
:102550000101000102020303020100000101020265
:102560000101000000010101010000000000000065
:102570000000000000000000000000000101010058
:102580000000000102030201000001020303030234
:102590000100010303030201010001020302010122
:1025A000010001010301000000000001020101011E
:1025B00000001212242D241B1B1B131224241B1B8E
:1025C0001B1B12121B241B1B1A1B0912121B241B80
:1025D0001B1B00121212121B1B12000912121312E3
:1025E0001212000009121212120A00000000091251
:1025F00012121B1B0912121212111A1B1B110909AC
:1026000009121B1B1212241B12121B12121212127D
:1026100012091212131212121200121212120A12BC
:1026200009001212121212090000121212090000FF
:102630000000000000001209000000000012241B2E
:1026400012000000121B121B1B0900092436241B58
:102650001212001236242D2D1200091B242D1212E5
:1026600009001224121209000000241209000000BF
:102670000000000009120000000000121B241200DC
:102680000000091B1B121B12000012121B2436240F
:10269000090000122D2D24361200000912122D24DB
:1026A0001B0900000009121224120000000000099A
:1026B0001224000000C7C7000000000000C7C7C701
:1026C000000000000000C7C7000000000000C7C7EE
:1026D000000000000000C7C7C7000000000000C7DE
:1026E000C7000000000000C7C70000000000000095
:1026F000000004FFF7560707074E04FFAF56070711
:10270000075604AF5F070707564E035F5607074D8E
:102710004E4E030707074D4E564D0207074D4E4ECE
:102720004D4E02074D4E4D564E4E00444D4E4E4EB0
:102730004E4D0000030E0F0E0F570001050F0E57F0
:1027400067FF0001050F0E67FF770001030F0E679B
:102750007767000001040E57675700000109040E57
:102760000F0E0000000109040D040000000000012C
:102770000101570F0E0E0D0E0E0E77570E0E0E0E98
:102780000E0E670F0E0E0E0E0E0E570E0E0E0E0EC6
:102790000E0E160E0E0E0E0E0D0D0D040404040486
:1027A000040402020101010102020101010101010F
:1027B00001010E0D0D04040100000E0D0D040403B3
:1027C00001000E0D0D04040301000D0D04040403AB
:1027D00001000D04040403030000040404030301C6
:1027E00000000303030301000000010101000000D9
:1027F0000000000A131313656EFF000A1313131C65
:10280000656E000A131313131C6500010B131313D9
:10281000131300010A0A13130B0A0000010A0A0A23
:102820000A0A000000010A0A0A090000000000016B
:1028300001016513131313131313651313131313E8
:1028400013131C13131313131313130B0A0A0A0A7B
:102850000B0B0A0A0A0A0A0A0A0A0A0A09090909DA
:102860000A0A010101010101010101010101010146
:10287000010113130B0B0A09090013130B0B0A09AF
:102880000900130B0B0B0A0909000B0B0B0A0A09B1
:1028900001000A0A0A0A0A0901000A0A0A0A0901C9
:1028A0000000090909090100000001010100000000
:1028B0000000000B1E2F37150C0301042F37373F84
:1028C0003F3701052F373F3F3F3F01042F37373F49
:1028D0003F3F000B0E2F37373F3F0002040E2F37CC
:1028E00037370000020B1E272F2F00000000020BBD
:1028F00005050B0C2F2F37372703373737373F376F
:102900002705272F3F3F373727053F1E2F37372F04
:102910001E03371F1E16271E0B002F1615151E0B24
:1029200000001E0B0B020B0000000502000000005F
:10293000000000000101010100000000010101018F
:10294000010100010102020302010001020303036D
:102950000302000102030303030300010102020357
:102960000302000001010102020100000000010158
:102970000100000102030201010000010303030240
:102980000100010102030302010001010103020130
:10299000010001000102010100000100010201002B
:1029A0000000000001010000000000000000000025
:1029B0000000000000000000000000000000000017
:1029C0000000000000000000000000000000000007
:1029D00000000000000000000000000000009C9CBF
:1029E0009C9C009C9C9C00000000000000000000DB
:1029F00000000000000000000000000000000000D7
:102A000000000000000000000000000000000000C6
:102A1000000000009C9C9C9C9C9C9C9C00000000D6
:102A200000000000000000000000000000000000A6
:102A30000000000000000000000000000000000096
:102A400000000000000000009C9C9C9C9C9C9C9CA6
:102A50000000000000000000000000000000000076
:102A60000000000000000000000000000000000066
:102A700000000000000000000000000000009C9C1E
:102A80009C009C9C9C9C000000000000000000003A
:102A90000000000000000000000000000000000036
:102AA0000000000000000000000000000000000026
:102AB0000000000000000000000000000000000016
:102AC0000000000000000000000000000000000006
:102AD00000000000000000000000000000000000F6
:102AE00000000000000000000000000000000000E6
:102AF000000000EDEDEDEDED0000F6F6000000F653
:102B0000F600FFFF000000FFFF00F6F6000000F6F1
:102B1000F600F5F5F5F5F5F5F500F4F4000000F430
:102B2000F400F3F3000000F3F300000000000000E5
:102B30000000EDEDEDEDEDED0000F6F6000000F625
:102B4000F600FFFF000000FFFF00F6F6F6F6F6F6CF
:102B50000000F5F5000000F5F500F4F4000000F4C5
:102B6000F400F3F3F3F3F3F30000000000000000BF
:102B7000000000EDEDEDEDED0000F6F6000000F6D2
:102B8000F600FFFF000000FFFF00F6F60000000067
:102B90000000F5F5000000F5F500F4F4000000F485
:102BA000F40000F3F3F3F3F3000000000000000072
:102BB0000000EDEDEDEDED000000F6F60000F6F69C
:102BC0000000FFFF000000FFFF00F6F6000000F627
:102BD000F600F5F5000000F5F500F4F40000F4F45B
:102BE0000000F3F3F3F3F300000000000000000026
:102BF000000000EDEDEDEDEDED0000F6F60000005B
:102C0000000000FFFF000000000000F6F6F6F6F6F8
:102C1000000000F5F5000000000000F4F4000000E2
:102C2000000000F3F3F3F3F3F300000000000000F2
:102C3000000000EDEDEDEDEDED0000F6F60000001A
:102C4000000000FFFF000000000000F6F6F6F6F6B8
:102C5000000000F5F5000000000000F4F4000000A2
:102C6000000000F3F300000000000000000000007E
:102C700000000000EDEDEDED000000F6F60000F6BE
:102C8000F600FFFF000000000000F6F60000F6F678
:102C9000F600F5F5000000F5F50000F4F40000F48E
:102CA000F4000000F3F3F3F3000000000000000064
:102CB0000000EDED000000EDED00F6F6000000F67E
:102CC000F600FFFF000000FFFF00F6F6F6F6F6F64E
:102CD000F600F5F5000000F5F500F4F4000000F44E
:102CE000F400F3F3000000F3F30000000000000024
:102CF00000000000EDEDEDED0000000000F6F60034
:102D00000000000000FFFF000000000000F6F600D9
:102D10000000000000F5F5000000000000F4F400E1
:102D200000000000F3F3F3F30000000000000000D7
:102D3000000000EDEDEDEDEDED00000000F6F60019
:102D40000000000000FFFF000000000000F6F60099
:102D50000000000000F5F5000000000000F4F400A1
:102D6000000000F3F3F3000000000000000000008A
:102D7000000000EDED0000EDED0000F6F60000F6BD
:102D8000F60000FFFF00FFFF000000F6F6F6F60079
:102D9000000000F5F500F5F5000000F4F40000F483
:102DA000F40000F3F30000F3F30000000000000063
:102DB000000000EDED000000000000F6F60000004D
:102DC000000000FFFF000000000000F6F600000019
:102DD000000000F5F5000000000000F4F400000021
:102DE000000000F3F3F3F3F3F30000000000000031
:102DF0000000EDED000000EDED00F6F6000000F63D
:102E0000F600FFFFFF00FFFFFF00F6F6F6F6F6F60E
:102E1000F600F5F500F500F5F500F4F4000000F417
:102E2000F400F3F3000000F3F300000000000000E2
:102E30000000EDED000000EDED00F6F6F60000F606
:102E4000F600FFFFFFFF00FFFF00F6F600F6F6F6C4
:102E5000F600F5F50000F5F5F500F4F4000000F4D7
:102E6000F400F3F3000000F3F300000000000000A2
:102E7000000000EDEDEDEDED0000F6F6000000F6CF
:102E8000F600FFFF000000FFFF00F6F6000000F66E
:102E9000F600F5F5000000F5F500F4F4000000F38D
:102EA000F30000F3F3F3F3F3000000000000000070
:102EB0000000EDEDEDEDEDED0000F6F6000000F6A2
:102EC000F600FFFF000000FFFF00F6F6000000F62E
:102ED000F600F5F5F5F5F5F50000F4F40000000056
:102EE0000000F3F3000000000000000000000000FC
:102EF000000000EDEDEDEDED0000F6F6000000F64F
:102F0000F600FFFF000000FFFF00F6F6000000F6ED
:102F1000F600F5F500F5F5F5F500F4F40000F4F42D
:102F2000000000F3F3F300F3F300000000000000E2
:102F30000000EDEDEDEDEDED0000F6F6000000F621
:102F4000F600FFFF000000FFFF00F6F6000000F6AD
:102F5000F600F5F5F5F5F5F50000F4F4000000F4E1
:102F6000F400F3F3000000F3F300000000000000A1
:102F7000000000EDEDEDEDED0000F6F6000000F6CE
:102F8000F600FFFF00000000000000F6F6F6F6F67F
:102F900000000000000000F5F500F4F4000000F46B
:102FA000F40000F3F3F3F3F300000000000000006E
:102FB000000000EDEDEDEDEDED00000000F6F60097
:102FC0000000000000FFFF000000000000F6F60017
:102FD0000000000000F5F5000000000000F4F4001F
:102FE0000000000000F3F3000000000000000000FB
:102FF000000000EDED0000EDED0000F6F60000F63B
:10300000F60000FFFF0000FFFF0000F6F60000F6EC
:10301000F60000F5F50000F5F50000F4F40000F40A
:10302000F4000000F3F3F3F30000000000000000E0
:103030000000EDED000000EDED00F6F6000000F6FA
:10304000F60000FFFF00FFFF000000F6F600F6F6B6
:1030500000000000F5F5F50000000000F4F4F400B5
:103060000000000000F3000000000000000000006D
:103070000000EDED000000EDED00F6F6000000F6BA
:10308000F600FFFF00FF00FFFF00F6F6F6F6F6F68B
:10309000F600F5F5F500F5F5F500F4F4000000F4A0
:1030A000F400F30000000000F30000000000000046
:1030B0000000EDED000000EDED00F6F6F600F6F68E
:1030C000F60000FFFFFFFFFF00000000F6F6F6002D
:1030D000000000F5F5F5F5F50000F4F4F400F4F463
:1030E000F400F3F3000000F3F30000000000000020
:1030F000000000EDED0000EDED0000F6F60000F63A
:10310000F60000FFFF0000FFFF000000F6F6F6F6F5
:103110000000000000F5F5000000000000F4F400DD
:103120000000000000F3F3000000000000000000B9
:10313000000000EDEDEDEDEDED000000000000F60B
:10314000F60000000000FFFF0000000000F6F6009F
:1031500000000000F5F50000000000F4F40000009D
:10316000000000F3F3F3F3F3F300000000000000AD
:10317000000000000000000000000000000000004F
:10318000000000000000000000000000000000003F
:10319000000000000000000000000000F6F6000043
:1031A00000000000F3F30000000000000000000039
:1031B0000000000000EDED000000000000F6F60049
:1031C0000000000000FFFF000000000000F6F60015
:1031D00000000000000000000000000000F4F40007
:1031E0000000000000F3F3000000000000000000F9
:1031F00000000000000000EDED000000000000F6FF
:10320000F60000000000FFFF0000000000F6F600DE
:1032100000000000F5F50000000000F4F4000000DC
:10322000000000F3F30000000000000000000000B8
:10323000000000EDEDEDEDED0000F6F6000000F60B
:10324000F600FFFF000000FFFF00000000F6F6F6AA
:1032500000000000F5F5F50000000000000000008F
:1032600000000000F3F3F300000000000000000085
:103270000000000000ED000000000000EDF6ED0091
:103280000000FFFFFFFFFFFFFF0000F6F6F6F6F677
:1032900000000000F5F5F500000000EBF491F4EB00
:1032A000000091F3000000F3910000000000000016
:1032B00000000000EDEDED00000000F6F600F6F66F
:1032C0000000FFFF000000FFFF00F6F6000000F620
:1032D000F600F5F5000000F5F50000F4F400F4F454
:1032E00000000000F3F3F300000000000000000005
:1032F0000000000000EDED0000000000F6F6F60012
:103300000000000000FFFF000000000000F6F600D3
:103310000000000000F5F5000000000000F4F400DB
:1033200000000000F3F3F3F30000000000000000D1
:1033300000000000EDEDEDED000000F6F60000F6F7
:10334000F6000000000000FFFF000000F6F6F6F6B1
:10335000000000F5F5000000000000F4F40000009B
:10336000000000F3F3F3F3F3F300000000000000AB
:1033700000000000EDEDEDED000000F6F60000F6B7
:10338000F6000000000000FFFF000000F6F6F6F671
:1033900000000000000000F5F50000F4F40000F467
:1033A000F4000000F3F3F3F300000000000000005D
:1033B0000000000000EDEDED00000000F6F6F6F66E
:1033C000000000FFFF00FFFF0000F6F60000F6F629
:1033D0000000F5F5F5F5F5F5F50000000000F4F452
:1033E000000000000000F3F30000000000000000F7
:1033F000000000EDEDEDEDEDED0000F6F600000053
:10340000000000FFFF000000000000F6F6F6F6F6F0
:1034100000000000000000F5F50000F4F40000F4E6
:10342000F4000000F3F3F3F30000000000000000DC
:1034300000000000EDEDEDED000000F6F60000F6F6
:10344000F60000FFFF000000000000F6F6F6F6F6BA
:10345000000000F5F50000F5F50000F4F40000F4BC
:10346000F4000000F3F3F3F300000000000000009C
:10347000000000EDEDEDEDEDED000000000000F6C8
:10348000F60000000000FFFF0000000000F6F6005C
:103490000000000000F5F5000000000000F4F4005A
:1034A0000000000000F3F300000000000000000036
:1034B00000000000EDEDEDED000000F6F60000F676
:1034C000F60000FFFF0000FFFF000000F6F6F6F632
:1034D000000000F5F50000F5F50000F4F40000F43C
:1034E000F4000000F3F3F3F300000000000000001C
:1034F00000000000EDEDEDED000000F6F60000F636
:10350000F60000FFFF0000FFFF000000F6F6F6F6F1
:10351000F6000000000000F5F50000F4F40000F4EF
:10352000F4000000F3F3F3F30000000000000000DB
:10353000000000060704000000000006000702006B
:103540000000000607040000000000060007040752
:103550000600000607040600000000000000040743
:103560000400000000000000060000000000060744
:103570000400001831220000000018311831180032
:1035800000001831003118000000183118312900EE
:1035900031000018312229182900000000002929D3
:1035A0001800000000002918290000000000290070
:1035B00031000000EDEDED00000000F6000000F627
:1035C0000000FF00FFFFFF00FF00F600F600000014
:1035D000F600F500F5F5F500F50000F4000000F444
:1035E00000000000F3F3F300000000000000000002
:1035F00000000000000000000000000000000000CB
:1036000000000000000000000000000000000000BA
:1036100000000000000000F60000000000000000B4
:10362000000000000000000000000000000000009A
:10363000000000000000000000000000000000008A
:1036400000000000000000000000000000960000E4
:10365000000000000000000000000000000000006A
:10366000000000000000000000000000000000005A
:10367000000000000000000000000000000000004A
:103680000000000000000000000000000000E40056
:103690000000000000E4FFE4000000000000E4007F
:1036A000000000000000000000000000000000001A
:1036B000000000000089ECF6F6F6000081EDF6ED62
:1036C000EDED0040E4F69B4100000040F6ED810086
:1036D000000000409BF692410000000081E4F6FFEC
:1036E000FFFF000000819BEDEDED000000000000F9
:1036F0000000F6F6F6F6F6F6F6F6EDEDEDEDEDED8C
:10370000EDED0000000000000000000000000000DF
:1037100000000000000000000000FFFFFFFFFFFFAF
:10372000FFFFEDEDEDEDEDEDEDED00000000000033
:103730000000F6F6F6AD92410000EDEDEDF6ED81FC
:103740004100000041DCED9B400000000081FFEDE6
:103750004000000041DCED9B4000FFFFFFEDE481F5
:103760000000EDEDED9B8100000000000000000076
:10377000000000000089ECF6F6F6000081EDF6EDA1
:10378000EDED0040E4F6A26262620040F6E46C7483
:10379000757600409BF69B6B3232000081E4F6FFA9
:1037A000FFFF000000819BEDEDED00000000000038
:1037B0000000F6F6F6F6F6F6F6F6EDEDEDEDEDEDCB
:1037C000EDED62626262626262627676767676764B
:1037D00076763232323232323232FFFFFFFFFFFF73
:1037E000FFFFEDEDEDEDEDEDEDED00000000000073
:1037F0000000F6F6F6AD92410000EDEDEDF6ED813C
:103800004100626262ABED9B40007676756AFFED27
:10381000400032326CA2ED9B4000FFFFFFEDE481DF
:103820000000EDEDED9B81000000000000000000B5
:103830000000000000000000000000000000000088
:103840000000000000000000000000000000000078
:10385000000000000000E4E4E4E400000000A3ED48
:10386000EDED00000000A3A4494900000000A3A45E
:1038700049000000000000000000000000000000FF
:103880000000000000000000000000000000000038
:103890000000E4E4E4E400000000EDEDEDD30000FE
:1038A00000004949A4D30000000000D3A4D30000C5
:1038B000000000000000A3A4490000000000A3A431
:1038C000D3A300000000A3A4EDED00000000A34975
:1038D0004949000000000000000000000000000056
:1038E00000000000000000000000000000000000D8
:1038F000000000D3A4D300000000A3D3A4D3000091
:103900000000EDEDA4D30000000049494949000042
:1039100000000000000000000000000000000000A7
:103920000000000000000000000000000000000097
:1039300000000080C8D9D9C8800080D1E0FFF5D947
:10394000D180C8E0FFE0DBF5D9C8D9E0ECFFE4E0C6
:10395000D9D9D9E0E0DBFFE4D9D9C8D9ECE0E4F665
:10396000D9C880D1D9F6F6D9D1800080C8D9D9C8B4
:10397000800000020305050302000204B7B7AF0E82
:1039800004020306B70657AF05030506B7B7AF171E
:1039900005050506B71615AF05050305B706046F3F
:1039A000050302046F6F6F1E040200020305050386
:1039B0000200000A142E2E140A000A1D37BF7F2EA3
:1039C0001D0A142EBF362E7F2E142E2EFF363737AB
:1039D0002E2E2E2EFF3637372E2E142E7F362E7F8C
:1039E0002E140A1D6EBF7F2E1D0A000A142E2E14DF
:1039F0000A00001019282819100010217E6B316B65
:103A0000BE10196C7EBE6CBEBE19286B7F76BE766A
:103A1000BE28286B7F6C7E317E28196C7F6C7E28D7
:103A2000BE19102176286D286D100010192828194C
:103A30001000000000000000000000ED0000000089
:103A4000000000F6F6000000000000FFFFFFFFFF8F
:103A5000ED00F6F6F6F6F6F6F6F6F4F4F4F4F4F411
:103A6000F4F400F3F3F30000000000000000000095
:103A70000000000000000000000000000000000046
:103A800000000000F6000000F600000000FF00FF4C
:103A9000000000000000F6000000000000F500F546
:103AA00000000000F3000000F30000000000000030
:103AB0000000000000000000000000000000000006
:103AC00000000000000000000000000000000000F6
:103AD00000000000000000000000000000000000E6
:103AE00000000000000000000000000000000000D6
:103AF000000000000104020101010001040D0D029B
:103B0000020100020D020101010100020301010195
:103B10000101000203010101010100020101010193
:103B20000101020101010101010102010101010183
:103B30000101010101010100000001010101000872
:103B40000000010101010108000001010101010162
:103B50000000010101010101080001010101010151
:103B60000100010101010101010101010101010146
:103B70000101000000000000010200000000000040
:103B8000020100000000000103010000000000022B
:103B900004010000000001040D0200000000010DFE
:103BA0000101000000000203010100000001020108
:103BB00001010100000000000000010800000000F9
:103BC00000000101000000000000010108000000E9
:103BD00000000100010000000000010100080000D9
:103BE00000000101010100000000010101010800C5
:103BF0000000001E2F37373737370C27372F372F66
:103C000037370C27372F372F37370C1F2F373737DA
:103C10002F37151F3737373737371E2F372F37379F
:103C20002F371E37372F37372F37151E2F37372FA0
:103C3000372F3737373737372F37372F373737372C
:103C40002F37372F372F37372F372F37372F373734
:103C500037372F37372F3737372F2F373737373714
:103C60002F2F2F372F3737372F3737372F37372F1C
:103C70002F372F37373737371E152F3737372F372F
:103C8000271E37372F372F372F1E37372F37373726
:103C9000271E3737373737371E15372F3737372F28
:103CA000271537372F372F37270C2F3737372F3731
:103CB00027008800000000000000D28800000000FB
:103CC0000000DAD2910000000000E3D2D29100009F
:103CD0000000E3DAD2D289000000E3E3D2D2D28836
:103CE0000000D2DADAD2DADA8800D2D2D2D2D2DA4C
:103CF000E388004040404048488100004040404840
:103D00004889000040404048488900000040404841
:103D100081484000004040488140894000004048C0
:103D20008900ED8940004048890089ED8940008183
:103D300048404840000040ED40004000000040ED99
:103D400040004000004048E489000000408940DA1B
:103D50008900004048484089E4404048894000408C
:103D6000ED8140894800004040894889400000407A
:103D700048400040488948400000004048894000D1
:103D80000040000048484000404800004840000013
:103D900048400000400000404040490000004048CA
:103DA0004089898940404040004040408989400026
:103DB000000000000000000000890000000000007A
:103DC00000D200000000000089D2000000000000C6
:103DD000D2DA000000000089DAE30000000000D21F
:103DE000DAE30000000089D2DADA00000089D2DAD2
:103DF000DAD200000000000A1400000000000A1DD2
:103E00002E00000000021D772E040000020404159D
:103E10002E1D0000030416041515000003040D0DEB
:103E20000D1600000203040D0D0D00000203040432
:103E30000D0D000ABF000026BF0A0ABF770000264A
:103E400077BF2677777704377777BF7777772E77BF
:103E5000777715151E1E1E1E1E150E0E0E16161633
:103E600067670D0D0D0D0D0D0D0D0D0D0D0D0D0DCE
:103E70000D0400140000000000000A2E1D000000C8
:103E80000000262E2E1D020000001D2E2704030216
:103E900000000E670E0403030000160D0404030364
:103EA00000000D04040303020000040403030202E3
:103EB000000000020202020202010203040D0D04CE
:103EC0000202030D02020202040D040202010101BA
:103ED00003030402010101010201040201010101C5
:103EE00001010401010102010101010101010101BE
:103EF0000101000202020202020203040D0D0D0D77
:103F0000040303030202020202040201010101018F
:103F10000102010101010001010101010101010191
:103F20000101010100010101010101010101010182
:103F300001010202020202020200040D0D0D0D0435
:103F4000030203030202020204040201010101014F
:103F5000020401010101010101030101010100014C
:103F6000010B010101010101010101010101010137
:103F70000101010101010101010101010101010131
:103F8000010102010101010101010C030101010113
:103F90000102170B020101010103171502010101C2
:103FA000010A0C2703010101010A0C2F0C01010178
:103FB00001010000000000000000000000000002FD
:103FC000152F00000000021F2F37010101011517F6
:103FD0002F371D1D1D1D1E17272F27272727271F9A
:103FE000171737373737372F2727373737373737C9
:103FF0003737271E2F372F2F2F1F2F27372F3737D2
:10400000372F372F37272F37372F372F2717272FC0
:104010002F272F2F271F272727271F2727271F1740
:104020001717272F3737372F2F2F37373737373790
:10403000373737372F2F37372F37172F371F2F3770
:104040002F37272F2F271F2F2727172F372F171FE0
:104050002F371F2F2F171F1F2F2F271F1F27271700
:10406000171F2F27272F37271F1737373737373790
:1040700037372F372F2F2F371E152F2F37372F2F4B
:10408000271E272F37372F272F27372F2F2F271779
:10409000372F2F2727271F172F2F2F2F1F17172FA8
:1040A0002F2717272F372F27171F37373737373740
:1040B00037370B0B0000000000002F17150200001F
:1040C00000002F372F1500000000272F2F1F0101A0
:1040D0000101172F27271D1D1D1D1F27171F27270C
:1040E0002727373737373737373737373737373780
:1040F000373700DAED89008100400000DAE44889B2
:104100004048000089ED8948408900000089ED8918
:10411000894000000000894840480000000000007D
:10412000000000000000000000000000000000008F
:10413000000089480040404000008940404840005D
:10414000000040404840000000004840400000009F
:10415000000040000000000000000000000000001F
:10416000000000000000000000000000000000004F
:10417000000089EDDA000000004048EDE400000096
:10418000484048E4E4000000484048E4ED000049AD
:10419000480048DBED480049400040DBED4900495C
:1041A000400000DBED49004940000092ED890049E4
:1041B000400000000089D2D2D2D2000000D2D2DA70
:1041C000D2DA000089D2DADAD2D20000D2D2E3DA2F
:1041D000D2D20089D2DAE3DAD2D200D2D2DADADA73
:1041E000D2D289D2DAE3DAD2D2D2D2D2DAD2D2D2CF
:1041F000D2D20002030303030303020304040404F2
:1042000002020303040D0D0D0D040303040D0D0E36
:1042100016160303040D0E1667670203040D0D0E38
:104220000E0E020303040D0D0D0D00020304040D18
:104230000D0D0000020B0B02000000000B26260BE8
:10424000000000001577771500000000157777153E
:10425000000000000B15150B00000000000B0B0008
:10426000000000000000000000000000000000004E
:104270000000030304040300000004040404030218
:1042800000000D0D0403030300000D0D04030303E0
:1042900000000D0D0403030300000D0404030302DA
:1042A00000000404030303020000040303030200EC
:1042B00000000101010101010101020201010201ED
:1042C000020203020203030303030C0C0C0C04049C
:1042D0000C0C0B161716051616170A0C2F170C0CBC
:1042E000052F010A0B020101020200010101000079
:1042F00001010101010101010101020102020201AA
:10430000020203030302030303030C0C0C0C04045A
:104310000C0C1617171616051716272F2F27050C26
:104320002F27020202010101020201010101000125
:10433000010101010101010101010102020101026A
:10434000020202030303020203030C0C040C0C0C14
:10435000040C171605161716050227050C272F053E
:104360000A01020101020201010101000001010133
:1043700000000C170C010101010103160C010101E1
:104380000101020C270101010108010C2F010101AB
:1043900001080003170101010100000316030101D8
:1043A00001000002160D03010800000103160101BF
:1043B00008000000000000000000000000000000F5
:1043C00000000000010202010000000102020202DE
:1043D00001000000010202010000000000000000D6
:1043E00000000000000000000000000000000000CD
:1043F0000000000000000000000000008992890019
:104400000000000092DBDB8900DB0000DBDBDB92DD
:1044100000ED0000D2DBDBDBE4F6000089DBDBDB58
:10442000E4F6000000D2DBDBEDF600000089DBDB08
:10443000EDF600DBDB0000000000DBF6EDDB00004A
:104440000000F6F6F6ED00000000F6F6F6F60000C5
:104450000000F6F6F6F600000000F6F6F6ED0000B5
:104460000000F6F6F6DB00000000F6F6ED000000B6
:10447000000000000000000000000000000000003C
:10448000000000000000000000000000000000002C
:10449000000000000000000000000089D2928900A6
:1044A000000000D2DBDBDBD200000089D2DBDBDBEB
:1044B0008900000000000000000000000000000073
:1044C00000000000000000000000000000000000EC
:1044D000000000000000DBEDEDDB0000DBEDF6F698
:1044E000F6ED00EDF6F6F6F6F6DBDBF6F6F6F6F6AA
:1044F000ED0048400089ED89000040000089DAE4C1
:1045000040004000400089ED8900000040400089E3
:10451000ED40004048894000DAED40488940000005
:1045200000DA4089480000004048488940000040C7
:1045300048400000E4ED004900000000E4ED484977
:1045400000000000DAED48400000000048ED48405F
:104550000000000040ED48400000000000E448007A
:104560000000000000DA4000000000000000000031
:1045700000000092ED89004940000048ED890048A4
:1045800040000048ED92004840000048EDDB004844
:1045900040000040EDE4004840000040E4E40048F2
:1045A00000000040E4ED004800000000E4E40049A1
:1045B000000000004988D2D2D2890049FFF5FEEC04
:1045C000DBDB92FFECFFFEFEFFEC92FFFFFEFEFF47
:1045D000FFFE92FFFFFFECFFFFFE49F5FFFFFFF537
:1045E000FFF50089ECFFFFF5FF92000092ECECD2A2
:1045F000D2D20000000302020303000002030404FD
:10460000040400000303040D0D0D00000303040D5A
:104610000E1600000303040E166700000203040DCB
:104620000E0E0000020303040D0D0000000203043F
:10463000040D030303030303030302020202020245
:104640000202040404040404040D160D0D0D0D0DE6
:104650000D0D6716160E0E0E0D0D0E0E0E0D0D0D18
:104660000D0D0D0D0D0D0D0D0D0D0D0D0D0D0D0D7A
:10467000040403030303030302000202040404030B
:1046800003020D0D0D0D040303030D0D0D0D0403A9
:1046900003030D0D0D0D040303030D0D0D040403A1
:1046A00003020D0D040403030302040404030303C3
:1046B00002000000000000000000000000000000F8
:1046C00000000000000000000000010101010101E4
:1046D00001011D1D1D1D1D1D1D1D27272727272706
:1046E000272737373737373737373737373737377A
:1046F000373701010101010101010101010101013E
:10470000010101010101010101010101010101009A
:104710000101010101010101010101010101010189
:10472000010101010001010101010101010101017A
:104730000101010101010101010101010101010169
:104740000101010101010101010101010201010158
:104750000101010101020101010101010101010148
:104760000101010101010101010101010101010139
:1047700001010000030C010101000000021701010A
:10478000000000000127010800000000012F0101C6
:10479000000000000017010100000000000C0108EB
:1047A00000000000000201080000000000010100FC
:1047B00000000000000000010000000000000101F6
:1047C00000000000000001000000000000010200E5
:1047D00000000000000100000000000001020000D5
:1047E00000000000010000000000000001000000C7
:1047F000000000000000DBDBF6F60000000013DB29
:10480000F6F6000001130A0A5BF60001139B010A89
:104810000A0A00010A01000A02010000010A0A0254
:10482000010A000000010100011300000000000067
:104830000A00F6F6DB0000000000F6ED5B00000069
:1048400000006D2E0A1301000000371D0A372E0AE2
:104850000000370A1D370A1C01001325250A1D37E1
:104860001300000A000013251C00000000000000D7
:10487000250000000089D2DBDB8900000000135B0B
:10488000DBE4000001130A0A525B0001139B010ADA
:104890000A0A00010A01000A02010000010A0A02D4
:1048A000010A0000000101000113000000000000E7
:1048B0000A00EDF6F6F6F6ED0000F6F6F6EDDB0092
:1048C0000000766DED1301000000371D0A372E0A37
:1048D0000000370A1D370A1C01001325250A1D3761
:1048E0001300000A000013251C0000000000000057
:1048F00025000000E4ED004900000000E4ED484917
:1049000000000000DAED48400000000048ED48409B
:104910000000004040ED0040400000404892004848
:1049200040000040494040494000000040484840A5
:1049300000000000008840000000000000884000E7
:104940000000000040D288400000004088E4488811
:104950004000004091ED00C94000004091E400D2C9
:104960004000004088D2D288400000004088884043
:1049700000000000E4ED004900000000E4ED4849BB
:1049800000000000DAED48400000004088920088F6
:10499000400000409189009140000040910000914A
:1049A0004000004088919188400000004088884085
:1049B0000000E3000088F5F5ECD20000ECFFFFFFFB
:1049C000FFF50088ECFFFEFEFFFF00DAECFEFEFFC5
:1049D000FFFE00FFF5FEFFF5FFFE00F5FFF5ECFF23
:1049E000FFF5FEDAFFFEFFFEFEE30088DAF5FFFECC
:1049F000DAD2D2D2020303030303D2020304150462
:104A00000402E40303FF5F150D0DD2E403F6F6F68E
:104A10005FFFECF6F6E3E4F6EDEDE3E3FFE4E4E458
:104A2000F6F6EDD2E4E4F6E4DAE4D2E4D2D2D2F659
:104A3000E3DA030303030303030302020202020295
:104A4000020204045F04FF0404041616F656F6F688
:104A5000FF0DF60D560DE4F6EDEDF6F65FE3F6ED1F
:104A6000DAEDE4F6FFF6DAEDEDD2D2D2D2D2D2D23E
:104A7000D2D2030303040403D2D202045604040373
:104A800002D20D155F560303F6D2ED5FFF5F03F60A
:104A9000EDD2ED5FEDEDFFEDF6DAD2EDEDF6F6E4F9
:104AA000DAE4EDD2EDDADADAE4E3D2DADAEDDAE317
:104AB000E3E3000000000000000000000000000030
:104AC00000000000000000000000000000000000E6
:104AD00000000000000000000000000000000000D6
:104AE0000000008787878787878700000000000015
:104AF00000000000000000000000000000000000B6
:104B000000000000000000000000000000000000A5
:104B1000000000000000000000008787878787876B
:104B20008787000000000000000000000000000077
:104B30000000000000000000000000000000000075
:104B40000000000000000000000000000000000065
:104B5000000000000000878787878787878700001D
:104B60000000000000000000000000000000000045
:104B70000000000000000000000000000000000035
:104B80000000000000000000000000000000000025
:104B900000008787878787878787000000000000DD
:104BA0000000000000000000000000000000000005
:104BB00000000000000000000000000000000000F5
:104BC00000000000000000000000878787878787BB
:104BD00087870000000000000000000000000000C7
:104BE00000000000000000000000000000000000C5
:104BF00000000000000000000000000000000000B5
:104C0000000000000000878787878787878700006C
:104C10000000000000000000000000000000000094
:104C20000000000000000000000000000000000084
:104C30000000000000000000000000000000000074
:104C4000000087878787878787870000000000002C
:104C50000000000000000000000000000000000054
:104C60000000000000000000000000000000000044
:104C7000000000000000000000008787878787870A
:104C8000870000000000000000000000000000009D
:104C90000000000000000000000000000000000014
:104CA0000000000000000000000000000000000004
:104CB00000000000000000000000004343434343A5
:104CC000434300000000000000430000000000001B
:104CD00000000000000000000000000000000000D4
:104CE00000000000000000000000000000000000C4
:104CF0000000404040404048484840404040404814
:104D00004848404040404048484840404040404873
:104D10004848404040404048484840404040404863
:104D20004881004040404048488100404040404861
:104D30004881818948484040404081484848404037
:104D40004040814848484000404089484840400031
:104D5000004089484840000000404848404000006A
:104D6000000048484000000000004840404040002B
:104D700000000089ED8900000000000089ED890035
:104D8000000000000089E44000000000000089E409
:104D90004000000000000089E44000000000000026
:104DA00089ED000000000000008900000000000004
:104DB00000000000000000000000000000000000F3
:104DC00000000000000000000000000000000000E3
:104DD00000004343434343434343000000000000BB
:104DE00000000000000000000000000000000000C3
:104DF00000000000000000000000000000000000B3
:104E000000000000000000000000000000000000A2
:104E10000000434343430000000000434343434337
:104E200043430000000000000000000000000000FC
:104E30000000D2D2DADADADAD2D2DADADAD2D2D2BE
:104E4000D2DADAD2D2D2DADAE3E3D2D2DAE3E3E3C5
:104E5000E3E3D2D2D2DAE3E3E3ECDAD2D2D2D2DAAB
:104E6000DAE3E3DADAD2D2D2D2D2E3E3E3DADADA9D
:104E7000D2D2D2D2D2D2DADADADAE3DADAD2D2D2D1
:104E8000D2D2E3E3E3E3DAD2D2D2E3E3ECECE3E33E
:104E9000DADAECECE3E3DADAD2D2E3E3DAD2D2D252
:104EA000D2D2D2D2D2D2DADADAD2D2D2D2D2D2DAC2
:104EB000E3DA00010B0B0100000001032F2F160B9A
:104EC0000100052F37372F1E030105373F373737CE
:104ED0002F0302163727373F2F0301041F373737B9
:104EE0001F0B0002161F2F1516140000020B0B0BD0
:104EF0000200000002020200000001020B1E0B0172
:104F0000000002272F2F1E020100162F3F372F0E01
:104F100002001F37373F2F170E02272F2F37372F4B
:104F200015032F2F1E2F3737270201030C0C2F27B5
:104F30001401000001010100000000010202010152
:104F40000000010203030201010001020303030246
:104F5000010100010202030302010000010102023B
:104F6000010100000001010101000000000000003B
:104F7000000000000000000000000000010101002E
:104F8000000000010203020100000102030303020A
:104F900001000103030302010100010203020101F8
:104FA00001000101030100000000000102010101F4
:104FB000000000000000000000000082000000006F
:104FC00000000082000000000000008200000000DD
:104FD00000000082000000000000000082000000CD
:104FE00000000000820000000000000082000000BD
:104FF00000000000000000000000000000000000B1
:10500000820000000000000082000000000000009C
:10501000820000000000000082000000000000820A
:10502000000000000000008200000000000000827C
:1050300000000000000000000000000F0000000061
:105040000000000F000000000000000F0000000042
:105050000000000F00000000000000000F00000032
:10506000000000000F000000000000000F00000022
:105070000000000000000000000000000000000030
:105080000F000000000000000F0000000000000002
:105090000F000000000000000F0000000000000FE3
:1050A000000000000000000F000000000000000FE2
:1050B00000000000000000000000003F00000000B1
:1050C0000000003F000000000000003F0000000062
:1050D0000000003F00000000000000003F00000052
:1050E000000000003F000000000000003F00000042
:1050F00000000000000000000000000000000000B0
:105100003F000000000000003F0000000000000021
:105110003F000000000000003F0000000000003FD2
:10512000000000000000003F000000000000003F01
:1051300000000000000000000000009D00000000D2
:105140000000009D000000000000009D0000000025
:105150000000009D00000000000000009D00000015
:10516000000000009D000000000000009D00000005
:10517000000000000000000000000000000000002F
:105180009D000000000000009D00000000000000E5
:105190009D000000000000009D0000000000009D38
:1051A000000000000000009D000000000000009DC5
:1051B0000000000000000000000000FC00000000F3
:1051C000000000FC00000000000000FC00000000E7
:1051D000000000FC0000000000000000FC000000D7
:1051E00000000000FC00000000000000FC000000C7
:1051F00000000000000000000000000000000000AF
:10520000FC00000000000000FC00000000000000A6
:10521000FC00000000000000FC000000000000FC9A
:1052200000000000000000FC00000000000000FC86
:105230000000DAD2D2D2D2D2DADAD2D2DADADADABA
:10524000E3E3D2D2D2D2DADADADADAD2D2D2D2D2F4
:10525000D2D2D2D2D2DADADAD2D2D2DADAE3E3E3D3
:10526000DAD2D2D2DADADADAD2D2D2D2D2D2D2D2F6
:10527000D2D2DADAD2D2DADADAD2DADADADAD2D2C6
:10528000DADADAD2D2D2D2D2D2D2D2D2DADADAD2CE
:10529000D2D2D2DAE3DAD2D2DADAD2D2D2D2D2DAB5
:1052A000DADAD2D2D2DADADAECE3D2DADADADAE35A
:1052B000E3E3000B1E2F37150C0301042F37373F94
:1052C0003F3701052F373F3F3F3F01042F37373F1F
:1052D0003F3F000B0E2F37373F3F0002040E2F37A2
:1052E00037370000020B1E272F2F00000000020B93
:1052F00005050B0C2F2F37372703373737373F3745
:105300002705272F3F3F373727053F1E2F37372FDA
:105310001E03371F1E16271E0B002F1615151E0BFA
:1053200000001E0B0B020B00000005020000000035
:105330000000000001010101000000000101010165
:105340000101000101020203020100010203030343
:10535000030200010203030303030001010202032D
:10536000030200000101010202010000000001012E
:105370000100000102030201010000010303030216
:105380000100010102030302010001010103020106
:105390000100010001020101000001000102010001
:1053A00000000000010100000000000000000000FB
:1053B00000000000820000000000000082000000E9
:1053C00000000000820000000000000082000000D9
:1053D00000000000820000000000000000820000C9
:1053E00000000000008200000000000000820000B9
:1053F00000000000000000820000000000000082A9
:105400000000000000000082000000000000008298
:105410000000000000000082000000000000820088
:105420000000000000008200000000000000820078
:10543000000000000F000000000000000F0000004E
:10544000000000000F000000000000000F0000003E
:10545000000000000F00000000000000000F00002E
:1054600000000000000F000000000000000F00001E
:10547000000000000000000F000000000000000F0E
:10548000000000000000000F000000000000000FFE
:10549000000000000000000F0000000000000F00EE
:1054A0000000000000000F000000000000000F00DE
:1054B000000000003F000000000000003F0000006E
:1054C000000000003F000000000000003F0000005E
:1054D000000000003F00000000000000003F00004E
:1054E00000000000003F000000000000003F00003E
:1054F000000000000000003F000000000000003F2E
:10550000000000000000003F000000000000003F1D
:10551000000000000000003F0000000000003F000D
:105520000000000000003F000000000000003F00FD
:10553000000000009D000000000000009D00000031
:10554000000000009D000000000000009D00000021
:10555000000000009D00000000000000009D000011
:1055600000000000009D000000000000009D000001
:10557000000000000000009D000000000000009DF1
:10558000000000000000009D000000000000009DE1
:10559000000000000000009D0000000000009D00D1
:1055A0000000000000009D000000000000009D00C1
:1055B00000000000FC00000000000000FC000000F3
:1055C00000000000FC00000000000000FC000000E3
:1055D00000000000FC0000000000000000FC0000D3
:1055E0000000000000FC00000000000000FC0000C3
:1055F00000000000000000FC00000000000000FCB3
:1056000000000000000000FC00000000000000FCA2
:1056100000000000000000FC000000000000FC0092
:10562000000000000000FC00000000000000FC0082
:1056300000000000580000000000000058000000BA
:1056400000000000580000000000000058000000AA
:10565000000000005800000000000000005800009A
:10566000000000000058000000000000005800008A
:10567000000000000000005800000000000000587A
:10568000000000000000005800000000000000586A
:10569000000000000000005800000000000058005A
:1056A000000000000000580000000000000058004A
:1056B00000000000000000000000006C000000007E
:1056C000000000006C6C00000000000000006C0096
:1056D000000000000000006C00000000000000005E
:1056E0006C6C0000000000000000000000000000E2
:1056F000005B00000000000000000000000000004F
:10570000000000000000005B0000000000005B00E3
:1057100000000000005B0000000000005B000000D3
:1057200000006C5B0000000000005B6C00000000EB
:105730000000000000000000000000000000000069
:105740000000000000000000000000000000000059
:105750000000000000000000000000000000000049
:105760000000000000000000005D000000000000DC
:105770005D000000000000000000000000000000CC
:105780005D00000000005D5D00000000005D0000A5
:10579000000000005D00000000005D5D00000000F2
:1057A00000000000000000000000000000000000F9
:1057B00000000000008200000000000000820000E5
:1057C00000000000008200000000000000820000D5
:1057D00000000000000082000000000000008200C5
:1057E00000000000000082000000000000008200B5
:1057F00000000000000082000000000000008200A5
:105800000000000000008200000000000000820094
:105810000000000000820000000000000082000084
:105820000000000000820000000000000082000074
:1058300000000000000F000000000000000F00004A
:1058400000000000000F000000000000000F00003A
:105850000000000000000F000000000000000F002A
:105860000000000000000F000000000000000F001A
:105870000000000000000F000000000000000F000A
:105880000000000000000F000000000000000F00FA
:1058900000000000000F000000000000000F0000EA
:1058A00000000000000F000000000000000F0000DA
:1058B00000000000003F000000000000003F00006A
:1058C00000000000003F000000000000003F00005A
:1058D0000000000000003F000000000000003F004A
:1058E0000000000000003F000000000000003F003A
:1058F0000000000000003F000000000000003F002A
:105900000000000000003F000000000000003F0019
:1059100000000000003F000000000000003F000009
:1059200000000000003F000000000000003F0000F9
:1059300000000000009D000000000000009D00002D
:1059400000000000009D000000000000009D00001D
:105950000000000000009D000000000000009D000D
:105960000000000000009D000000000000009D00FD
:105970000000000000009D000000000000009D00ED
:105980000000000000009D000000000000009D00DD
:1059900000000000009D000000000000009D0000CD
:1059A00000000000009D000000000000009D0000BD
:1059B0000000000000FC00000000000000FC0000EF
:1059C0000000000000FC00000000000000FC0000DF
:1059D000000000000000FC00000000000000FC00CF
:1059E000000000000000FC00000000000000FC00BF
:1059F000000000000000FC00000000000000FC00AF
:105A0000000000000000FC00000000000000FC009E
:105A10000000000000FC00000000000000FC00008E
:105A20000000000000FC00000000000000FC00007E
:105A300000000000005800000000000000580000B6
:105A400000000000005800000000000000580000A6
:105A50000000000000005800000000000000580096
:105A60000000000000005800000000000000580086
:105A70000000000000005800000000000000580076
:105A80000000000000005800000000000000580066
:105A90000000000000580000000000000058000056
:105AA0000000000000580000000000000058000046
:105AB00000000000000000005B0000000000005B30
:105AC0000000000000005B0000000000005B000020
:105AD000000000005B00000000000000000000006B
:105AE00000000000000000000000000000000000B6
:105AF000000000006C6C00000000000000006C0062
:105B0000000000000000006C6C00000000000000BD
:105B1000006C000000000000005D00000000005D5F
:105B20005D00000000005D00000000005D5D000001
:105B30000000000000005D5D00000000005D00004E
:105B40000000005D5D00000000005D00000000003E
:105B500000006C00000000000000006C6C00000001
:105B600000000000006C00000000000000006C6CF1
:105B7000000000000000000000000000005B0000CA
:105B800000000000005B0000000000005B0000005F
:105B9000000000005B0000000000005B000000004F
:105BA0000000005B000000000000005B000000003F
:105BB00000000000000082000000000000008200E1
:105BC00000000000000082000000000000000082D1
:105BD00000000000000000820000000000000082C1
:105BE00000000000000000820000000000000082B1
:105BF00000000000008200000000000000820000A1
:105C00000000000000820000000000008200000090
:105C10000000000082000000000000008200000080
:105C20000000000082000000000000008200000070
:105C30000000000000000F000000000000000F0046
:105C40000000000000000F00000000000000000F36
:105C5000000000000000000F000000000000000F26
:105C6000000000000000000F000000000000000F16
:105C700000000000000F000000000000000F000006
:105C800000000000000F0000000000000F000000F6
:105C9000000000000F000000000000000F000000E6
:105CA000000000000F000000000000000F000000D6
:105CB0000000000000003F000000000000003F0066
:105CC0000000000000003F00000000000000003F56
:105CD000000000000000003F000000000000003F46
:105CE000000000000000003F000000000000003F36
:105CF00000000000003F000000000000003F000026
:105D000000000000003F0000000000003F00000015
:105D1000000000003F000000000000003F00000005
:105D2000000000003F000000000000003F000000F5
:105D30000000000000009D000000000000009D0029
:105D40000000000000009D00000000000000009D19
:105D5000000000000000009D000000000000009D09
:105D6000000000000000009D000000000000009DF9
:105D700000000000009D000000000000009D0000E9
:105D800000000000009D0000000000009D000000D9
:105D9000000000009D000000000000009D000000C9
:105DA000000000009D000000000000009D000000B9
:105DB000000000000000FC00000000000000FC00EB
:105DC000000000000000FC0000000000000000FCDB
:105DD00000000000000000FC00000000000000FCCB
:105DE00000000000000000FC00000000000000FCBB
:105DF0000000000000FC00000000000000FC0000AB
:105E00000000000000FC000000000000FC0000009A
:105E100000000000FC00000000000000FC0000008A
:105E200000000000FC00000000000000FC0000007A
:105E300000000000000058000000000000005800B2
:105E400000000000000058000000000000000058A2
:105E50000000000000000058000000000000005892
:105E60000000000000000058000000000000005882
:105E70000000000000580000000000000058000072
:105E80000000000000580000000000005800000062
:105E90000000000058000000000000005800000052
:105EA0000000000058000000000000005800000042
:105EB00000000000000000000000000000000000E2
:105EC00000000000000000005D5D00000000005DBB
:105ED0000000000000005D00000000005D5D0000AB
:105EE0000000005D00000000000000000000000055
:105EF0000000005D0000000000005D0000000000E8
:105F00000000000000000000000000000000000091
:105F10000000000000000000000000000000000081
:105F20000000000000000000000000000000000071
:105F300000000000000000006C00000000000000F5
:105F4000006C0000000000000000000000000000E5
:105F5000005B000000000000005B0000000000008B
:105F60005B000000000000005B000000000000007B
:105F700000005B000000000000005B00000000006B
:105F800000005B6C00000000000000006C000000DE
:105F900000000000006C00000000000000006C6CBD
:105FA00000000000000000006C0000000000000085
:105FB00000000000000000820000000000000082DD
:105FC000000000000000008200000000000000004F
:105FD00082000000000000008200000000000000BD
:105FE00082000000000000008200000000000000AD
:105FF000000000008200000000000000820000009D
:10600000000000008200000000000082000000008C
:10601000000000820000000000000082000000007C
:1060200000000082000000000000000000000000EE
:10603000000000000000000F000000000000000F42
:10604000000000000000000F000000000000000041
:106050000F000000000000000F0000000000000022
:106060000F000000000000000F0000000000000012
:10607000000000000F000000000000000F00000002
:10608000000000000F0000000000000F00000000F2
:106090000000000F000000000000000F00000000E2
:1060A0000000000F000000000000000000000000E1
:1060B000000000000000003F000000000000003F62
:1060C000000000000000003F000000000000000091
:1060D0003F000000000000003F0000000000000042
:1060E0003F000000000000003F0000000000000032
:1060F000000000003F000000000000003F00000022
:10610000000000003F0000000000003F0000000011
:106110000000003F000000000000003F0000000001
:106120000000003F00000000000000000000000030
:10613000000000000000009D000000000000009D25
:10614000000000000000009D0000000000000000B2
:106150009D000000000000009D0000000000000005
:106160009D000000000000009D00000000000000F5
:10617000000000009D000000000000009D000000E5
:10618000000000009D0000000000009D00000000D5
:106190000000009D000000000000009D00000000C5
:1061A0000000009D00000000000000000000000052
:1061B00000000000000000FC00000000000000FCE7
:1061C00000000000000000FC0000000000000000D3
:1061D000FC00000000000000FC00000000000000C7
:1061E000FC00000000000000FC00000000000000B7
:1061F00000000000FC00000000000000FC000000A7
:1062000000000000FC000000000000FC0000000096
:10621000000000FC00000000000000FC0000000086
:10622000000000FC00000000000000000000000072
:1062300000000000000000580000000000000058AE
:1062400000000000000000580000000000000000F6
:10625000580000000000000058000000000000008E
:10626000580000000000000058000000000000007E
:10627000000000005800000000000000580000006E
:10628000000000005800000000000058000000005E
:10629000000000580000000000000058000000004E
:1062A0000000005800000000000000000000000096
:1062B0000000000000000000000000787878A4A42E
:1062C000A4A40000000078787878000000000000A6
:1062D00000000000000000000000000000000000BE
:1062E00000000000000000000000000000000000AE
:1062F000000000000000000000000000000000009E
:106300000000A4A4A4A4A4A40000000078787878D5
:10631000A4A4000000000000000000000000000035
:10632000000000000000000000000000000000006D
:10633000000000000000000000000000000000005D
:1063400000000000000000000000A4A4A4A4A40019
:1063500000007878787878A4A4A4000000000000F9
:10636000787800000000000000000000000000003D
:10637000000000000000000000000000000000001D
:10638000000000000000000000000000000000000D
:106390000000A4A4A40000000000787878A4A4A4BD
:1063A000A4000000000078787800000000000000E1
:1063B0000000FEFEFEFEFEFEFEFEFEFEFEFEFEFEF9
:1063C000FEFEFEFEFEFEFEFEFEFEFEFEFEFEFEFEED
:1063D000FEFEFEFEFEFEFEFEFEFEFEFEFEFEFEFEDD
:1063E000FEFEFEFEFEFEFEFEFEFEFEFEFEFEFEFECD
:1063F000FEFEFEFEFEFEFEFEFEFEFEFEFEFEFEFEBD
:10640000FEFEFEFEFEFEFEFEFEFEFEFEFEFEFEFEAC
:10641000FEFE5B52FEFEFEFEFEFEF6645B52FEFEDC
:10642000FEFE5BF6AD655B52FEFEFE645D065D64DE
:106430005B52FEFEFEFEFEFEFEFEFEFEFEFEFEFECB
:10644000FEFEFE8992EDFFFF92FEFE8992EDFFFFB8
:1064500092FEFEFEFEFEFEFEFEFEFEFEFEFEFEFEC8
:10646000FEFEFEFEFEFEFEFEFEFEFEFEFEFEFEFE4C
:10647000FEFEFEFEFEFEFEFEFEFEFEFEFEFEFEFE3C
:10648000FEFEFE48DB9148FEFEFEFEDBFFF691FEBF
:10649000FEFEFE91F6F689FEFEFEFE48918948FE5C
:1064A000FEFEFEFEFEFEFEFEFEFEFEFEFEFEFEFE0C
:1064B000FEFEFEFEFEFEFEFEFEFEFE91F6F691FEE6
:1064C000FEFE91EDE4E4ED91FEFEF6E4FFFFE4F65E
:1064D000FEFEF6E4FFFFE4F6FEFE91EDE4E4ED914E
:1064E000FEFEFE91F6F691FEFEFEFEFEFEFEFEFEB6
:1064F000FEFEED92FEFEFEFEFEFE92FFF6EDDB924C
:10650000FEFEDBF6FFF6F6ED92FEEDF6FFFFFFF680
:1065100092FEEDF6FFFFF6EDFEFEDBEDFFF6EDDBA6
:10652000FEFEFEF6FFEDDBFEFEFE92EDE4FEFEFE5D
:10653000FEFEFEFEFEFEFEFEFEFEFEFE91DBEDED2D
:10654000DBFEFEDBEDF6F6FFED91DBEDF6F6FFFF91
:10655000F691FEDBEDFFFFFFF691FEFE91DBEDED28
:10656000DBFEFEFEFEFEFEFEFEFEFEFEFEFEFEFE6E
:10657000FEFE89D2EDEDE4DBD2FEFEFE89DBEDF618
:10658000EDD2FEFEFED2F6FFF6EDD2EDFFFFFFFFED
:10659000FFEDFEFEFED2F6FFF6EDFEFE89DBF5F620
:1065A000EDD289D2EDEDE4DBD2FEFEFEFEFEFEFE74
:1065B000FEFEFEFEFEFEFEFEFEFEFEA5FEFEFEFE54
:1065C000FEFEFEA5FEFEFEFEFEFEFEA5FEFEFEFE9D
:1065D000FEFEFEFEA5FEFEFEFEFEFEFEA5FEFEFE8D
:1065E000FEFEFEFEA5FEFEFEFEFEFEFEA5FEFEFE7D
:1065F000FEFEFE5BA55DA5ADAD64FEFE64ADADAD7A
:10660000ADAD0952A4A4A46464645BADF6F6F6AD26
:10661000ADAD095B64645B5B5B5BFEFE525B64ADCE
:10662000ADADFE525B64ADADAD64525B5B5B5B5286
:1066300009FE5B52FE525B64AD5BAD645BF6A65631
:106640004D44F6F6AD64A455554D5B64ADADADADAE
:10665000ADAD64ADADADAD645B5BADAD645B5B52E8
:1066600009095B5209FEFEFEFEFEFEFEFEFEFEFE78
:10667000FEFEFEFEFEFEFEFEFEFE41FEFEFEFEFEF7
:10668000FEFE4441FEFEFEFEFEFEAD6409FEFEFE81
:10669000FEFE5B5B5B52FEFEFEFEFEFEFEFEFEFEAF
:1066A000FEFEFEFEFEFEFEFEFEFEFEFEFEFEFEFE0A
:1066B000FEFEFEFE2B1AFEFEFEFEFE032B6C6C5D44
:1066C00006031E37236D6D665F06FE031A23235CE7
:1066D0000403FEFE1A11FEFEFEFEFEFEFEFEFEFEA0
:1066E000FEFEFEFEFEFEFEFEFEFEFEFEFEFEFEFECA
:1066F000FEFEFEFEFEFEFEFEFEFEFEFEFEFEFEFEBA
:10670000FE48FEFEFEFE4080898991EDF68988E410
:106710008A82924091E489F6898AFEFEFE40889141
:10672000E4D2FEFEFEFEFEFE4088FEFEFEFEFEFE03
:10673000FEFEFE4080898980FEFE8089D9D2D2DBB0
:1067400080FEE4D989D1E4FFE480F6D1828ADBF6C9
:10675000FFE4F6C8828ADBF6FFE4D2F6E4E4E4FF65
:10676000FF8989DBF6F6FFFFD940FE4080898980EA
:10677000FEFE1B2F2F2F2F2F13FE2F7F7F7F7F37A4
:1067800026132F3737373737261313262626262684
:1067900013FEFEFEFEFEFEFEFEFEFEFEFEFEFEFE04
:1067A000FEFEFEFEFEFEFEFEFEFEFEFEFEFEFEFE09
:1067B000FEFEFEFEFEA5FEFEFEFEFEFEFEA5FEFEAB
:1067C000FEFEFEFEFEA5FEFEFEFEFEFEFEA5FEFE9B
:1067D000FEFEFEFEFEFEA5FEFEFEFEFEFEFEA5FE8B
:1067E000FEFEFEFEFEFEA5FEFEFEFEFEFEFEA5FE7B
:1067F000FEFEFEFEFEFEFEFEFEFEFEFEFEFEFEFEB9
:10680000FEFEFEFEFEFEFEFEFEFEFEFEFEFEFEFEA8
:10681000FEFE5B52FEFEFEFEFEFEF6645B52FEFED8
:10682000FEFE0EF6AD655B52FEFE031E5D065D6468
:106830005B52FEFEFEFEFEFEFEFEFEFEFEFEFEFEC7
:10684000FEFEFEFEFEFEFEFEFEFEFEFEFEFEFEFE68
:10685000FEFEFEFEFEFEFE9A9A9AFEFEFE9A9AFE4C
:10686000FEFEFE9A9AFEFEFEFEFEFEFEFEFEFEFE10
:10687000FEFEFEFEFEFEFEFEFEFEFEFEFEFEFE9A9C
:106880009AFEFEFEFE9A9AFEFEFE9A9A9AFEFEFE80
:10689000FEFEFEFEFEFEFEFEFEFEFEFEFEFEFEFE18
:1068A000FEFEFEFEFEFEFEFEFEFEFEFEFEFEFEFE08
:1068B000FEFEFE010B0B01FEFEFE01032F2F160B49
:1068C00001FE052F37372F1E030105373F373737B6
:1068D0002F0302163727373F2F0301041F3737379F
:1068E0001F0BFE02161F2F151614FEFE020B0B0BBC
:1068F0000200FEFE020202FEFEFE01020B1E0B0162
:10690000FEFE02272F2F1E0201FE162F3F372F0EED
:1069100002FE1F37373F2F170E02272F2F37372F33
:1069200015032F2F1E2F3737270201030C0C2F279B
:106930001401FEFE010101FEFEFEFE010202010144
:10694000FEFE01020303020101FE01020303030232
:106950000101FE01020203030201FEFE0101020227
:106960000101FEFEFE01010101FEFEFEFEFEFEFE35
:10697000FEFEFEFEFEFEFEFEFEFEFEFE010101FE2E
:10698000FEFEFE0102030201FEFE010203030302FA
:1069900001FE01030303020101FE010203020101E2
:1069A00001FE01010301FEFEFEFEFE0102010101E6
:1069B000FEFEFEFEFEFEFEA5FEFEFEFEFEFEFEA5A9
:1069C000FEFEFEFEFEFEFEA5FEFEFEFEFEFEFEA599
:1069D000FEFEFEFEFEFEFEFEA5FEFEFEFEFEFEFE30
:1069E000A5FEFEFEFEFEFEFEA5FEFEFEFEFEFEFE79
:1069F000FEFEFE0EA55DA5ADAD64FE021EADADAD05
:106A0000ADAD0952A4A4A46464645BADF6F6F6AD22
:106A1000ADAD09040E1E0E045B5BFEFE525B64AD61
:106A2000ADADFE525B646D66261E52040E1E0E0551
:106A300003FE5B52FE525B64AD5BAD645BF6A65633
:106A40004D44F6F6AD64A455554D5B64ADADADADAA
:106A5000ADAD64ADADAD6D66261EAD6D661E0E04AA
:106A600003090E0403FEFEFEFEFEFEFEFEFEFEFE1B
:106A7000FEFEFEFEFEFEFEFEFEFE41FEFEFEFEFEF3
:106A8000FEFE4441FEFEFEFEFEFEAD6409FEFEFE7D
:106A9000FEFE160E040BFEFEFEFEFEFEFEFEFEFEDB
:106AA000FEFEFEFEFEFEFEFEFEFEFEFEFEFEFEFE06
:106AB000FEFEFE0B1E2F37150C0301042F37373F48
:106AC0003F3701052F373F3F3F3F01042F37373F07
:106AD0003F3FFE0B0E2F37373F3FFE02040E2F378E
:106AE0003737FEFE020B1E272F2FFEFEFEFE020B87
:106AF00005050B0C2F2F37372703373737373F372D
:106B00002705272F3F3F373727053F1E2F37372FC2
:106B10001E03371F1E16271E0BFE2F1615151E0BE4
:106B2000FEFE1E0B0B020BFEFEFE0502FEFEFEFE2F
:106B3000FEFEFEFE01010101FEFEFEFE010101015D
:106B40000101FE01010202030201FE01020303032F
:106B50000302FE01020303030303FE010102020319
:106B60000302FEFE010101020201FEFEFEFE010122
:106B700001FEFE010203020101FEFE010303030206
:106B800001FE01010203030201FE010101030201F2
:106B900001FE01FE01020101FEFE01FE010201FEF5
:106BA000FEFEFEFE0101FEFEFEFEFEFEFEFEFEFEFF
:106BB000FEFEFEFEFEFEFEFEFEFEFEFEFEFEFEFEF5
:106BC000FEFEFEFEFEFEFEFEFEFEFEFEFEFEFEFEE5
:106BD000FEFEFEFEFEFEFEFEFEFEFEFEFEFEFE4093
:106BE0008088FE408088F689898ADBE4EDF6FF8A9A
:106BF0008288FEFEFEFEFEFEFEFEFEFEFEFEFEFEA7
:106C0000FEFEFEFEFEFEFEFEFE40FEFEFEFE40809E
:106C100088E440408088898989F689F6DBD2898AB0
:106C20008AF688F6E4C98A8282E4D2F6E4C88282CF
:106C30008282FEFEFEFEFEFEFEFEFEFE408080899B
:106C40008989808889C8D9D2D2D289C8C8D2D2D2FB
:106C5000DBE4C8C8D9D18989D1DBE4D2D2898A8A58
:106C600089D1F6D2D18282828A89F6D2C882828282
:106C70008289FEFEFEFEFEFEFEFE89808040FEFE54
:106C8000FEFED2D9DBD98040FEFEE4E4E4E4D989FB
:106C900040FEE4FFFFFFE4D980FEDBF6FFFFFFE4E8
:106CA0008940DBE4F6FFFFFFE480DBE4F6FFFFFF53
:106CB000E489FEFEFEFEFEFEFEFEFE1A1A1AFEFE2F
:106CC000FEFEFEFEFEFE1A1A1A1AFEFEFEFEFEFE74
:106CD000FEFEFEFEFEFEFEFEFEFEFEFEFEFEFEFED4
:106CE000FEFEFEFEFEFEFEFEFEFEFEFEFEFEFEFEC4
:106CF000FEFEFEFEFEFEFEFEFEFEFEFEFEFEFEFEB4
:106D0000FEFE1A1AFEFEFEFEFEFEFEFE1A1A1A1AFB
:106D10001A1AFEFEFEFEFEFEFEFEFEFEFEFEFEFE5B
:106D2000FEFEFEFEFEFEFEFEFEFEFEFEFEFEFEFE83
:106D3000FEFEFEFEFEFEFEFEFEFEFEFEFEFEFEFE73
:106D4000FEFEFEFEFEFEFEFEFEFEFEFEFEFEFEFE63
:106D5000FEFE1A1A1A1A1A1AFEFEFEFEFEFEFEFEAB
:106D60001A1AFEFEFEFEFEFEFEFEFEFEFEFEFEFE0B
:106D7000FEFEFEFEFEFEFEFEFEFEFEFEFEFEFEFE33
:106D8000FEFEFEFEFEFEFEFEFEFEFEFEFEFEFEFE23
:106D9000FEFEFEFEFEFEFEFEFEFE1A1A1A1AFEFEA3
:106DA000FEFEFEFEFEFE1A1A1AFEFEFEFEFEFEFEAF
:106DB000FEFEFE4088DBE4ED88D2FEFEFEFE408053
:106DC000D289FEFEFEFEFEFE4080FEFEFEFEFEFEC0
:106DD000FEFEFEFEFEFEFEFEFEFEFEFEFEFEFEFED3
:106DE000FEFEFEFEFEFEFEFEFEFEFEFEFEFEFEFEC3
:106DF000FEFE89DBF6DB898A8A8A89D2F6E4C989B4
:106E000089888889E4F6D2C9D2D2FE408091E4ED27
:106E1000DBC8FEFEFEFE40808889FEFEFEFEFEFE12
:106E20004080FEFEFEFEFEFEFEFEFEFEFEFEFEFEBE
:106E3000FEFEF6E4C88A82828A89E4F6E4898A8AB8
:106E400089D1D2F6E4898989D1DBC8E4F6E4DBDBB9
:106E5000E4E489C8E4F6F6F6F6FF888989C8E4E434
:106E6000E4E4FEFE408080898989FEFEFEFEFEFE8F
:106E7000FEFEDBE4F6FFFFFFE489DBE4F6FFFFFF45
:106E8000E480E4F6FFFFFFE48940F6FFFFFFFFD94F
:106E900080FEFFFFFFE4D98940FEE4E4D989804009
:106EA000FEFE89808040FEFEFEFEFEFEFEFEFEFE31
:106EB000FEFEFEFEFEFEFEFEFEFEFEFEFEFEFEFEF2
:106EC000FEFEFEFEFEFEFEFEFEFEFEFEFEFEFEFEE2
:106ED000FEFEFEFEFEFEFEFEFEFEFEFEFEFEC7C740
:106EE000C7C7FEC7C7C7FEFEFEFEFEFEFEFEFEFED5
:106EF000FEFEFEFEFEFEFEFEFEFEFEFEFEFEFEFEB2
:106F0000FEFEFEFEFEFEFEFEFEFEFEFEFEFEFEFEA1
:106F1000FEFEFEFEC7C7C7C7C7C7C7C7FEFEFEFE49
:106F2000FEFEFEFEFEFEFEFEFEFEFEFEFEFEFEFE81
:106F3000FEFEFEFEFEFEFEFEFEFEFEFEFEFEFEFE71
:106F4000FEFEFEFEFEFEFEFEC7C7C7C7C7C7C7C719
:106F5000FEFEFEFEFEFEFEFEFEFEFEFEFEFEFEFE51
:106F6000FEFEFEFEFEFEFEFEFEFEFEFEFEFEFEFE41
:106F7000FEFEFEFEFEFEFEFEFEFEFEFEFEFEC7C79F
:106F8000C7FEC7C7C7C7FEFEFEFEFEFEFEFEFEFE34
:106F9000FEFEFEFEFEFEFEFEFEFEFEFEFEFEFEFE11
:106FA000FEFEFEFEFEFEFEFEFEFEFEFEFEFEFEFE01
:106FB000FEFE0007A00001070000FC00FF0007F034
:106FC0000000FE0001070A07A00A07800A07600008
:106FD000FF0002010007A00000F800085A010304A6
:106FE0000104040104040104040104040104040173
:106FF000040401040401040401040401040801045C
:107000000802050000FF0002020007400000040023
:107010000819030304030304030304030304030321
:107020000403030303030303030303030303030230
:107030000303020303020303010303010303010328
:10704000030103030103050000FF000202000980A1
:10705000000A3C00083C010304010304010304018D
:1070600003040103040103040103040104040104F3
:1070700004010404010404010404010404010404DF
:1070800001050000FF0007800000040001050A0060
:10709000FE14FF010000B26F00000000010000BDFF
:1070A0006F00000000000000D16F00000000000031
:1070B000000670000000000000004A7000000000A0
:1070C000010000857000000000000503FF0110FFB3
:1070D00003FF19030000000000000000E803E204C1
:1070E0000000C800C40900002C010000B80B90018A
:1070F00000000000000000000000000000FF17FF7B
:107100001400FF161300FF1614FF0500FF161500EC
:10711000FF17FF0100FF131323000000FF131424C7
:10712000162600FF131424172700FF131424000051
:10713000FF0100FF131424162600FF131424172741
:1071400000FF1314240000FF0100FF13142416266F
:1071500000FF131424172700FF131525000100FF5B
:107160001606FF0200FF15010700FF150606FF02C5
:1071700000FF15020600FF160600FF15010400FFC0
:1071800015060500FF150606FF0200FF15021D008B
:10719000FF12132300010400FF121424260601002D
:1071A000FF12142427060600FF1214240002060012
:1071B000FF12142400000600FF1214240000020035
:1071C000FF12142400000000FF12142426162600CB
:1071D000FF12142427172700FF12152500000000B6
:1071E000FF1700FF160100FF160600FF150106003D
:1071F000FF15060600FF1401060600FF1406061D13
:1072000000FF130106060600FF1306FF03FF01003F
:10721000FF130207071D00FF14061D0700FF1402DD
:10722000060700FF1506002000102000FF110600D1
:107230002100112100FF110600FF01211611212656
:107240003600FF0F020721171121273700FF1121F8
:1072500000112100FF13FF012200122200FF130082
:10726000FF17FF0B00102000102000FF110011215C
:1072700000112100FF11FF012611211611212636D0
:1072800000FF0F271121171121273700FF0F0011D1
:107290002100112100FF0A132300FF040011210027
:1072A000112100FF0A142400FF0400122200122200
:1072B00000FF0A152500FF0400FF17FF0600FF0965
:1072C000132300FF0B00FF09142400FF0B00FF092C
:1072D000152500FF0B00FF17FF0616263600FF14CA
:1072E00017273700FF1400FF17FF0700FF101323B5
:1072F00000FF0400FF10142400FF0400FF101525F8
:1073000000FF0400FF17FF0316263600FF1417279F
:107310003700FF1400FF1700FF0C132300FF0800C5
:10732000FF0C142400FF0800FF0C152500FF0800C7
:10733000FF17FF0A16263600FF1417273700FF1421
:1073400000FF17FF0700FF1413230000FF1414248D
:107350000000FF1415250000FF17FF021626360057
:10736000FF1417273700FF0B132300FF0600FF0E43
:10737000142400FF0600FF0E152500FF0600FF176E
:10738000FF0B16263600FF1417273700FF1400FFE7
:1073900017FF0100FF12132300000000FF12142446
:1073A00000000000FF12152500000000FF17FF037A
:1073B00000FF10132300FF0400FF10142400FF043B
:1073C00000FF10152500FF0400FF17FF032300FF37
:1073D00015132400FF1514FF1124003100FF113193
:1073E00000142400FF15142400FF073100FF0331AF
:1073F00000FF07142400003100FF033100FF0531B6
:1074000000FF03310000142400FF1514FF012400C5
:10741000FF083000006000FF081424000000300066
:1074200000600063610000626300300000600000E3
:1074300000142400006362000061636262616162A3
:107440006163620000626300001424306362616261
:107450006162616261626161626161626261626313
:107460006014FFFF0100040401001104020007047E
:1074700002000E040A0006010A000F010D000904B3
:107480000F000C041100090413000C04190004047B
:107490001A0007041B000A041D000D04200012023C
:1074A00024000A042700030427000E042800120207
:1074B0002D0007043000100434000B0435000904CB
:1074C000360005043B0007043C0009043D000D04A0
:1074D0003E0011024400040444000E044900090463
:1074E0004B000E044D00090450000C04560011041A
:1074F00059000D045C0006045F000C045F001602D6
:1075000065001004660014046B000F0270000B0489
:107510007100090471000D047700140481000F014B
:10752000820004048200070486000C048D00070119
:107530009500050495000A0499000F0499001304AE
:10754000A1000704A1000A01A7000D04A80013046C
:10755000A9000504A9001001AD000804B10013043E
:10756000B6000904B6000B04B6000D04B70007040A
:10757000BB001304BC000601C3000804C4000A04D5
:10758000C5000C04C5001102CC000F02E700020682
:10759000E7001506E9000906E9000E06EA00030601
:1075A000EA000806EA000F06EA001406EB000206ED
:1075B000EB001506EC000B05ED000505ED001105CF
:1075C0000000000000FF17FF0300FF161B00FF165E
:1075D0001C00FF162D00FF151B2B080B00FF131CB2
:1075E0002C09080F0A00FF112D1B0A0900FF121BAE
:1075F0002B1C0F0A0F00FF111C2C2D0B00FF133D3D
:107600002D1B0C00FF143C1C0D0B00FF131B2B0F3C
:107610000A00FF131C2C00FF162D00FF163D00FF73
:107620001700FF161800FF161900FF161A3800FF82
:107630001418283900FF1419293A00FF141A2A28AF
:107640003800FF12182828293900FF121929292A81
:107650003A00FF121A2A2A3800FF1418283900FFAE
:107660001419293A00FF12080F1A2A28283800FF97
:10767000100D0F0E0B29293900FF130C2A2A3A008E
:10768000FF130D007400FF12080F0E00FF14090015
:107690000000FF140A000000FF17FFAA00FF151BDF
:1076A0002B0B000800FF121C2C0C000900FF111B03
:1076B0002B2D0D0F0A00FF111C2C3D0F0E0B00FF90
:1076C000112D1B2B080B0C00FF121C2C090C0900A0
:1076D000FF122D1B0A090A00FF131C0F0A00FF13DB
:1076E0001B2B080B00FF131C2C090A00FF121B2B7D
:1076F0002D0A00FF131C2C1B0B00FF142D1C0A0B62
:1077000000FF131B2B0B0C00FF131C2C0C0D0B008C
:10771000FF131B0D0F0A00FF122D1C080B00FF1298
:107720001B2B00090C00FF121C2C000A0D0B00FF84
:10773000122D000F0800FF142D0B0900FF141B0C65
:107740000C0B00FF122D1C0D090A00FF123D2D0F1E
:107750000A00FF131B2B0F0E0B00FF121C2C0E0B2D
:10776000080F00FF112D1B0E0C0900FF131C080B46
:107770000A00FF121B2B090C00FF122D1C2C0A0DF6
:107780000B00FF111B2B1B0B000C00FF111C2C1CF2
:10779000FFFF1D000B082200000739000B08450001
:1077A0000B08E10017090000000000FF158E9E8BFA
:1077B00000FF148F9F495900FF139E8E4A5A00FF05
:1077C000139F8F4B00FF148E9E495900FF138F9F0C
:1077D0004A5A00FF139E8E4B00FF149F8F49590099
:1077E000FF138E9E695A00FF138F9F495900FF13A4
:1077F0009E8E695A00FF139F8F495900FF138E9E7A
:107800004A5A00FF138F9F4B00FF149E8E49590068
:10781000FF139F8F695A00FF138E9E498B00FF1341
:107820008F9F89495900FF129E8E8A695A00FF1264
:107830009F8F89495900FF128E9E8A695A00FF1254
:107840008F9F89495900FF129E8E8A695A00FF1244
:107850009F8F89495900FF128E9E8A695A00FF1234
:107860008F9F4A5A00FF139E8E495900FF139F8F26
:107870004A5A00FF138E9E495900FF138F9F695A81
:1078800000FF139E8E495900FF139F8F4A5A00FF35
:107890000E4D5D6D5D6D7D9E4B00FF0F4E6EFF03C7
:1078A0007E9F495900FF0E4F5F6F5F6F7F8E4A5A70
:1078B00000FF139F8F4B5B6B6A00FF118E9E49592F
:1078C00000FF138F9F4A5A00FF139E8E495900FFF5
:1078D0000E4D5D6D5D6D7D8F695A00FF0E4E6EFF22
:1078E000037E9E495900FF0E4F5F6F5F6F7F9F4A77
:1078F0005A00FF139E8E4B5B6B6A00FF119F8F49EE
:107900005900FF138E9E695A00FF138F9F4959003B
:10791000FF0E4D5D6D5D6D7D8E695A00FF0E4E6EE2
:10792000FF037E8F495900FF0E4F5F6F5F6F7F9E91
:107930004A5A00FF138F9F4B00FF149E8E49590037
:10794000FF139F8F695A00FF138E9E495900FF1342
:107950008F9F4A5A00FF139E8E4B00FF149F8F4942
:107960005900FF138E9E4A5A00FF138F9F4B00FF52
:10797000149E8E495900FF139F8F695A00FF138E82
:107980009E495900FF138F9F4A5A00FF139E8E4B4A
:1079900000FF149F8F495900FF138E9E4A5A00FF23
:1079A000138F9F4B00FF124C5C9E8E495900FF0FB6
:1079B0004C5C9F8F9F8F695A00FF0C6C7C5C8E9E85
:1079C0008E9E8E9E495900FF0C488F9F8F9F8F9FE0
:1079D0008F9F695A00FF0D488E9E8E9E8E9E8E4907
:1079E0005900FF0E489F8F9F8F9F8F4A5A00FF0FAD
:1079F000489E8E9E8E9E4B00FF11488F9F8F9F4901
:107A00005900FF11488E9E8E695A00FF12489F8FC1
:107A1000495900FF138E9E4A5A00FF138F9F4B0057
:107A2000FF149E8E495900FF0E4D5D6D5D6D7D8F7B
:107A30004A5A00FF0E4E6EFF037E9E4B00FF0F4F13
:107A40005F6F5F6F7F9F495900FF139E8E695A00D9
:107A5000FF139F8F495900FF138E9E695A00FF1331
:107A60008F9F495900FF0E4D5D6D5D6D7D8E4A5AA9
:107A700000FF0E4E6EFF037E8F4B00FF0F4F5F6FB8
:107A80005F6F7F9E495900FF138F9F695A00FF1354
:107A90009E8E495900FF139F8F4A5A00FF138E9EF6
:107AA0004B00FF0F4D5D6D5D6D7D9F495900FF0ED1
:107AB0004E6EFF037E8E4A5A00FF0E4F5F6F5F6F60
:107AC0007F8F4B00FF148E9E495900FF138F9F69D3
:107AD0005A00FF139E8E495900FF139F8F695A0069
:107AE000FF138E9E495900FF138F9F4A5A00FF13C0
:107AF0009E8E4B00FF149F8F495900FF138E9E6985
:107B00005A00FF138F9F495900FF139E8E4A5A0057
:107B1000FF139F8F4B00FF148E9E495900FF138F58
:107B20009F4A5A00FF139E8E4B00FF149F8F4959A6
:107B300000FF138E9E695A00FF138F9F495900FF63
:107B4000139E8E695A00FF139F8F495900FF138EB1
:107B50009E695A00FF138F9F495900FF139E8E4A5A
:107B60005A00FF139F8F4B00FF148E9E495900FF50
:107B7000138F9F4A5A00FF139E8E4B00FF149F8F56
:107B8000495900FF138E9E695A00FF138F9F495970
:107B900000FF139E8E695A00FF139F8F495900FF03
:107BA000138E9E4A5A00FF138F9F4B00FF149E8E28
:107BB000495900FF139F8F4A5A00FF138E9E4B00B6
:107BC000FF148F9F495900FF139E8E695A00FF13BF
:107BD0009F8F495900FF138E9E695A00FF138F9F94
:107BE000495900FF139E8E4A5A00FF139F8F4B0086
:107BF000FF148E9E495900FF138F9F695A00FF138F
:107C00009E8E495900FF139F8F695A00FF138E9E65
:107C1000495900FF138F9F4A5A00FF139E8E4B0055
:107C2000FF149F8F495900FF138E9E4A5A00FF137D
:107C30008F9F4B00FF149E8E495900FF139F8F6941
:107C40005A00FF138E9E495900FF138F9F695A00F7
:107C5000FF139E8E495900FF139F8F695A00FF132F
:107C60008E9E495900FF138F9F4A5A00FF139E8E24
:107C70004B00FF149F8F495900FF138E9E4A5A00F4
:107C8000FF138F9F4B00FF149E8E495900FF139FD7
:107C90008F695A00FF138E9E495900FF138F9F6909
:107CA0005A00FF139E8E495900FF139F8F4A5A00B6
:107CB000FF138E9E4B00FF148F9F495900FF139EA8
:107CC0008E695A00FF139F8F495900FF138E9E4AF9
:107CD0005A00FF138F9F4B00FF149E8E495900FFDF
:107CE000139F8F695A00FF138E9E495900FF138F0F
:107CF0009F4A5A00FF139E8E4B00FF149F8F4959D5
:107D000000FF138E9E4A5A00FF138F9F4B00FF14F3
:107D10009E8E495900FF139F8F695A00FF138E9E54
:107D2000495900FF138F9F695A00FF139E8E4959CE
:107D300000FF139F8F4A5A00FF138E9E4B00FF14C3
:107D40008F9F495900FF139E8E4A5A00FF139F8F41
:107D50004B00FF148E9E495900FF138F9F695A00F4
:107D6000FF139E8E495900FF139F8F695A00FF131E
:107D70008E9E495900FF138F9F4A5A00FF139E8E13
:107D80004B00FF149F8F495900FF138E9E695A00C4
:107D9000FF138F9F495900FF139E8E4A5A00FF130D
:107DA0009F8F4B00FF148E9E495900FF138F9F69D0
:107DB0005A00FF139E8E495900FF139F8F4A5A00A5
:107DC000FF138E9E4B00FF148F9F495900FF139E97
:107DD0008E4A5A00FF139F8F4B00FF148E9E495905
:107DE00000FF138F9F695A00FF139E8E495900FFB1
:107DF000139F8F4A5A00FF138E9E4B00FF148F9FD4
:107E0000495900FF139E8E4A5A00FF139F8F4B0063
:107E1000FF148E9E495900FF138F9F695A00FF136C
:107E20009E8E495900FF139F8F4A5A00FF138E9E62
:107E30004B00FF148F9F495900FF139E8E695A0013
:107E4000FF139F8F495900FF138E9E4A5A00FF135C
:107E50008F9F4B00FF149E8E495900FF139F8F4A3E
:107E60005A00FF138E9E4B00FF148F9F495900FF4D
:107E7000139E8E695A00FF139F8F495900FF138E7E
:107E80009E695A00FF138F9F495900FF139E8E4A27
:107E90005A00FF139F8FFFFF03000E0A0600040A1B
:107EA00009000A0A0B00110A0D00080A13000E0A45
:107EB0001400040A1500090A1A000D0A1E00060A19
:107EC0000000000053637300FF1043416070716055
:107ED00000FF1142726170726100FF125161707295
:107EE0006200FF125262707153637300FF105062A0
:107EF00070716100FF1143416070726000FF0F43B9
:107F00004171716170716000FF0F44427172627063
:107F1000726200FF1144506270716100FF12516182
:107F20007072617300FF11506170716200FF125234
:107F30006270716100FF12516170726200FF125233
:107F400062707253637300FF0F4052627071600081
:107F5000FF104341516170716000FF104442516154
:107F600070726100FF12506270726000FF12516205
:107F70007072617300FF115262707160536373001D
:107F8000FF0F516170716100FF10434171627072A7
:107F90006200FF0E43417271716270716000FF0EEA
:107FA0004442717172617071607300FF0F444271DD
:107FB0006170716100FF12526270726200FF1252B2
:107FC0006270726100FF12516170526200FF1252C2
:107FD0006070506100FF1141716170526200FF11C9
:107FE0004442627053637300FF13706000FF1570AA
:107FF000FF01617300FF14706100FF15706000FFE6
:1080000015706200FF157000FF165445FF165546A7
:10801000FF165647FF165700FF16586000FF1570F1
:1080200061637300FF13706200FF157000FF16702C
:10803000FFFF00000000FC70C475AA77C47E647462
:108040009277987E3280D5D6D7D5D6D73B3C3D2D7A
:108050002E2F2E6474040101090A0B040111191A50
:108060001B0303DE00DF000000E000E10303270044
:108070002800000029002A0202141C1D1502021605
:108080001E1F1702029091A0A102029293A2A303C5
:1080900002909100A0A1000302929091A2A0A103DE
:1080A00002939293A3A2A304022021222328292A27
:1080B0002B02021E1F2E2F02021E1F3E2F03024400
:1080C0004546545556030247484957585903024AF2
:1080D0004B4C5A5B5C03024D4E4F5D5E5F020242A9
:1080E00043525302024041505102046000004200DA
:1080F000523000040132333233040133323332025E
:108100000270718081020265667576020267687787
:1081100078100507000700060606020001060602A1
:108120000106020700070000070007000707000715
:108130000700070700071D000700030604070604E1
:1081400007060407000700000700000700070000FB
:1081500007000003060400000700000700070000F6
:1081600003060400020C0F0F0F0F0F000F0C00008E
:1081700000000000020C0000000000000F0C0000D6
:108180000000000F0F0F0F0F0F0F0F0F0F0F0F0F2C
:108190000F0F0F00070B0D0E0F0F0F070F070B0F21
:1081A0000F0609010F0E070F0B0F0F030303070B39
:1081B0000F070B070F020D0F0E0F0F0F0F0F0D0EF6
:1081C0000F0D0E05000F0F0F0F04080C0C0C000014
:1081D000000D0F0F0F0F0F00030F01070F05070A08
:1081E000030F000F0F0F0F000C0F0F0D0F050F0ADD
:1081F0000C0F000F0F0F0F00000000000000000028
:108200000000000100080F00000000000000000056
:10821000000000050F010F0000000000000000003A
:108220000000000F0F000000000000000000000030
:108230000000000F0F000000000000000000000020
:10824000000000000000000000000000000000002E
:10825000000000000000000000000000000000001E
:10826000000000000000000000000000000F0F0FE1
:108270000F0F0F0F0F0000000000000000000000B3
:1082800000000000000000000000000000000000EE
:1082900000000000000000000000000000000000DE
:1082A00000000000000000000000000000000000CE
:1082B000000F0F0F0F0F0F0F0F00000F0F01020F16
:1082C0000F0F020F0F0F0F01010F020F0F0F0F0003
:1082D0000000000004080F050F0F0F0F0F0F0F0015
:1082E000000000000F0F0F0F0F0F0F000000000025
:1082F000050B050B0000000F0F0F0F000000000022
:10830000000000000000000000000000000000006D
:10831000000000000000000000000000000000005D
:10832000000000000000000000000000000000004D
:10833000000000000000000000000000000000003D
:10834000000000000000000000000000000000002D
:10835000000000000000000000000000000000001D
:108360000000000011241FBECFEFD0E1DEBFCDBF63
:1083700014BE88E10FB6F8948093600010926000FC
:108380000FBE11E0A0E0B1E0E2E5F6ED02C005901D
:108390000D92A23FB107D9F71FE0A0E0B2E001C003
:1083A0001D92A936B107E1F70E945948882311F4BC
:1083B0000E946F48F894E2E4FCE080E881939EE03C
:1083C000EE34F907D9F782E49CE090934F0E809346
:1083D0004E0E1092500E1092540E10925E0E10928D
:1083E000680E1092720E91E09093740E9093750E39
:1083F0009093730E1092810015BC8FEF87B984B9EA
:1084000080E98AB98BB18C618BB98CE081B98BEF33
:1084100082B910920C0C86E080930D0C80ED809355
:10842000190C8CE18093180C109285001092840036
:1084300083E0809389008DE88093880089E08093B1
:10844000810082E080936F0082E484BD17BC95BDFB
:1084500083E88093B0001092B3009093B10081E163
:1084600085B91092250C1092100C1092110C1092DC
:10847000200C10921F0C1092240C1092230C1092BE
:10848000400C9093530E0E940D4880E00E94EE47EE
:1084900080FF03C084E00E94EB470E94265478943A
:1084A0000E9425540E9484690C94276B0C94000050
:1084B000E0E0E0936F00ACEAB0E01197F1F7C89507
:1084C000EAE9FBE0C0E0D2E02091EA0E0027A081BB
:1084D000B181AC0FBD1F1C911283021708F4102F3D
:1084E0001C9333960395083190F300E2085116E08F
:1084F0001A95F1F70A95D9F7C0E0D2E02091090C5E
:10850000922F2695269526951127C20FD11F6E0111
:1085100000910A0C602F06950695069510E2019FC2
:10852000C00DD11D677018E1101BF12E40911A0C7F
:1085300050911B0C4ABD5BBD5E01762F8F2D992E8D
:108540003091080C30300FB601FE662701FEC0E006
:1085500001FED5E001FE82E001FE992400ED802EAF
:108560000E94F54221E12A95F1F7000063958A9473
:10857000B9F0683031F004E00A95F1F700C000C0AE
:10858000EFCF6627A0968A9509F4E6013A9509F49B
:10859000672F09F4E50109F48F2D09F4992EE0CF36
:1085A0002DE02A95F1F700003ED311240E9480535C
:1085B00011E000910F0C012700930F0C2091100C7B
:1085C000002309F021272093100CE1E0E0930E0C2A
:1085D000F89440910D0C405D40930D0CE2E0E09367
:1085E0006F00E2E0E09336000895CF93DF937F932E
:1085F0006F933F93DF92CF929F923C2F307EAAEEF3
:10860000BBE028987FD428812D93C395CF71C32BCD
:1086100028812D93C395CF71C32B28812D93C395AA
:10862000CF71C32B28812D93C395CF71C32B288184
:108630002D93C395CF71C32B28812D93C395CF71F3
:10864000C32B28812D93C395CF71C32B28812D93E4
:10865000C395CF71C32B28812D93C395CF71C32BA5
:1086600028812D93C395CF71C32B28812D93C3955A
:10867000CF71C32B28812D93C395CF71C32B288134
:108680002D93C395CF71C32B28812D93C395CF71A3
:10869000C32B28812D93C395CF71C32B2881289A92
:1086A0002D93C395CF71C32B28812D93C395CF7183
:1086B000C32B28812D93C395CF71C32B28812D9374
:1086C000C395CF71C32B28812D93C395CF71C32B35
:1086D00028812D93C395CF71C32B28812D93C395EA
:1086E000CF71C32B28812D93C395CF71C32B2881C4
:1086F0002D93C395CF71C32B28812D93C395CF7133
:10870000C32B28812D93C395CF71C32B28812D9323
:10871000C395CF71C32B28812D93C395CF71C32BE4
:1087200028812D932CE02A95F1F7CAEEDBE078E062
:10873000679F0AB51BB500501640000D111D1801AA
:108740000AE915E0000D111D280130E41BE1692D37
:108750006770E62EF89409F078942C8D239F020C14
:10876000131CF00195906F01299128310FB7239FB9
:10877000A10100FDA201040E151ED001299128318E
:108780007FB670FA239FA1010EF4A201040E151EFC
:10879000F0013F010024A60FB01D73E0679F00FFAA
:1087A00022C000C069ED73E4600D711D6F937F936B
:1087B00008950D91C89508B90D91C89508B90D9106
:1087C000C89508B90D91C89508B90D91C89508B913
:1087D0000D91C89508B90D91C89508B90D91C89526
:1087E00008B91EF540C0FD016BEF73E4600D711D0B
:1087F0006F937F930895059100C008B9059100C05B
:1088000008B9059100C008B9059100C008B90591E3
:1088100000C008B9059100C008B9059100C008B9A9
:10882000059100C008B9F301F6F0059108B9299146
:10883000059108B9239F059108B928316FB60591B4
:1088400008B908F4A201059108B960FA040E05916F
:1088500008B9151E1A95059108B9059139F1F0016D
:1088600008B91EF700C0019108B9299101910000D3
:1088700008B9239F0191000008B928316FB660FA4A
:10888000019108B90EF0A1010191040E08B9151E5D
:1088900000C0019108B971900191F00178B800C051
:1088A0001A9521F0000008B906F6DDCF08B927F5C2
:1088B00036F4F001019108B9EA94E1F71FC0F6011E
:1088C000000098B8EA94C9F0059108B9EA94A9F0B3
:1088D000059108B9EA9489F0059108B9EA9469F01C
:1088E000059108B9EA9449F0059108B9EA9429F08C
:1088F000059108B9EA9409F000000000002708B9C2
:108900009F90CF90DF903F916F917F91DF91CF91BA
:10891000089520E4E0911A0CF0911B0C8851829F7D
:10892000E00DF11DAAE9B5E0629FA00DB11D002484
:1089300005900D9205900D9205900D9205900D9267
:1089400005900D9205900D9205900D9205900D9257
:1089500005900D9205900D9205900D9205900D9247
:1089600005900D9205900D9205900D9205900D9237
:1089700005900D9205900D9205900D9205900D9227
:1089800005900D9205900D9205900D9205900D9217
:1089900005900D9205900D9205900D9205900D9207
:1089A00005900D9205900D9205900D9205900D92F7
:1089B00005900D9205900D9205900D9205900D92E7
:1089C00005900D9205900D9205900D9205900D92D7
:1089D00005900D9205900D9205900D9205900D92C7
:1089E00005900D9205900D9205900D9205900D92B7
:1089F00005900D9205900D9205900D9205900D92A7
:108A000005900D9205900D9205900D9205900D9296
:108A100005900D9205900D9205900D9205900D9286
:108A200005900D9205900D9205900D9205900D9276
:108A3000112408950F931F9395E0899FE0E4F5E0DA
:108A4000E00DF11D048182819381E0E48E9FD001CD
:108A50009E9FB00D98E0099FE2EEFBE00024E10D3F
:108A6000F01D00801180F001EA0FFB1FAAE9B5E0BC
:108A700090E4699FA00DB11D1124403051F4A20F64
:108A8000B11D822F122F00FF11C0379610E1121B6B
:108A90000DC088E0821B00FD04C0182FE80FF11DF7
:108AA00005C018E0120FE20FF11D3197503031F47C
:108AB00098E0939FA00DB11D932F06C098E0931BE3
:108AC00058E0599FE00DF11D11243EEFE89400FDA0
:108AD000689458E0591B48E0481B3EF02591231349
:108AE0002C9311964A95D1F707C0249131972313FF
:108AF0002C9311964A95C9F7E10FF11DA80FB11DEE
:108B00005A9549F711241F910F910895214638462F
:108B100046468A4528980E949647EBE0EA95F1F789
:108B200000C0E7E0E0938900EBE1E0938800E0E03B
:108B3000F6E0D1D0289AE0FF30D0E0FF2DC02F938F
:108B40003F934F935F936F937F938F939F93AF93D5
:108B5000BF9378941124E091120CF091130CE1155D
:108B6000F10509F009950E94C4550E9448480E94E9
:108B7000C5461124E091140CF091150CE115F10596
:108B800009F00995BF91AF919F918F917F916F915E
:108B90005F914F913F912F910895EF93FDEF0090DA
:108BA000160CF019E0910D0CEF17B8F4FDEF0090E2
:108BB000160CF0190090170CF019EF1770F0EDE19A
:108BC000FF2700800F92EA95E1F70E945842E1E00A
:108BD000FF270F900192EE31E0F3EF910895FF939C
:108BE000EF93EFB7EF93E0918400EE50F1E0EF17D1
:108BF00000F0F395FA30D8F305D0EF91EFBFEF9185
:108C0000FF9118950F921F92ECE0FBE800900C0C7E
:108C1000000C1124E00DF11D05901490F001099550
:108C20001F900F90089528980E949647E5E1EA95D5
:108C3000F1F7E0910D0CEA95E0930D0C289A00C035
:108C4000089528980E94B847289A0000E1E0F6E0CD
:108C500042D0E3E0E0938900EDE8E0938800F091F2
:108C6000180CF093160CF091190CF093170C089552
:108C700028980E94B847E9EA0000EA95E9F700C0A1
:108C80000000F6E0E2E027D0289A089528980E9494
:108C9000B847289A0000E3E0FDEF1DD0E0910D0CED
:108CA000E53091F4E0910F0CE1300000F091250CDB
:108CB00019F4F091250CF195E3E0E0938900EDE8DB
:108CC000EF0FE09388000895E3E0E0938900EDE87A
:108CD000E0938800089500900D0C0A9410905F00B6
:108CE00011FC0F2E00920D0C00900C0C11FC0E2E9E
:108CF00000920C0CE0E011FCE1E008959927772741
:108D0000833008F00895E8E0FBE9660F771FE60F6F
:108D1000F71FA591B491E4E5FEE02AE0289FE00D5D
:108D2000F11DA183B283112408959091730E917067
:108D3000880F892B8093730E089599277727E4E590
:108D4000FEE02AE0289FE00DF11D6E3F31F46091B6
:108D5000730E6E7F6093730E0BC06F3F31F46091A2
:108D6000730E6E6F6093730E03C07DE9760F75838B
:108D70001124089599277727E4E5FEE02AE0289F4B
:108D8000E00DF11D608311240895E091530EE0FD84
:108D90000E94E6490090500E002019F4A2E4BCE0C5
:108DA00002C0A8E4BDE021E002260092500E22E0BD
:108DB0002093510EE091530EE0FF08952F923F92C1
:108DC0004F925F926F927F928F929F92AF92BF92DB
:108DD000CF92DF92EF92FF920F931F93CF93DF9387
:108DE0005091720E6091740E7091750E8091760E96
:108DF0002090550E3090560E4090580E5090590EBF
:108E00006090570E1091540E70905F0E8090600E1F
:108E10009090610EA090620EB090630E20915E0E55
:108E2000C090690ED0906A0EE0906C0EF0906D0EBE
:108E300000916B0E3091680E9FEF620C431CF201A3
:108E40004491410300240008C12DD02D970CA81C8B
:108E5000F5014491420300240008C10DD01D8A95FC
:108E60006AF44091730E842F8695062E069406268A
:108E700000FA7695679576F940FF66F940E860FD5F
:108E80004FE7450300240008C10DD01D0024C03861
:108E9000D0050CF0CFE70A94C038D0050CF4C0E838
:108EA000C058CD939A9509F0C8CF4091510E4A957C
:108EB0004093510E97E009F0C0CF6092570E409258
:108EC000580E9092610EA092620E00936B0EE0928B
:108ED0006C0E6093740E7093750E8093760EDF9116
:108EE000CF911F910F91FF90EF90DF90CF90BF90A7
:108EF000AF909F908F907F906F905F904F903F903A
:108F00002F900895E0914E0EF0914F0E01910000C8
:108F10000093B3000EE0EE34F00702E41CE008F02A
:108F2000F801E0934E0EF0934F0E08950C9498477D
:108F30000C949A470F931F932F93E0914E0EF0914C
:108F40004F0E01910093B3000EE0EE34F00708F4E9
:108F500000C010F0E2E4FCE0E0934E0EF0934F0E00
:108F600026E02A95F1F700C02F911F910F910895E7
:108F70000000E0910D0CE0FFDDCFE1E1EA95F1F7B3
:108F800000C008958093E20B9093E30B0895E0E016
:108F9000F3E0A0E0B2E068E16D933197E9F71124C6
:108FA00008959927772720E2629F080E191EA0E0F6
:108FB000B2E0A00DB11D485E4C931124089580933A
:108FC0001A0C90931B0C089580910E0C0895112497
:108FD00010920E0C08958093250C0895882329F48F
:108FE00080911D0C90911E0C08958091210C909100
:108FF000220C0895F999FECF92BD81BD60BDF89411
:10900000FA9AF99A78940895F999FECF92BD81BDA4
:10901000F894F89A80B578940895129AC895C895EE
:10902000129820E030E080E090E040E0369527950F
:10903000969587951398C895C895009B3068019BB5
:109040009068139AC895C8954F5F403179F730936F
:109050001E0C20931D0C9093220C8093210C809168
:109060001D0C90911E0C0F9731F08091210C909166
:10907000220C0F9761F428E088E190E00FB6F89495
:10908000A895809360000FBE20936000FFCF0895E5
:1090900010927D0E009903C081E080937D0E0199AE
:1090A00005C080917D0E826080937D0E0E940D48E8
:1090B00008951F9380E090E00E940448182F81E0FB
:1090C00090E00E94044890E0382F20E0210F311DED
:1090D0002A55354509F491E0892F1F910895CF93C2
:1090E000DF93C0E0D0E0FE01E059FF4FE491CE01F4
:1090F0006E2F0E94FA472196C032D105A1F7C0E237
:10910000D0E0CE016FEF0E94FA47CE0101966FEFDB
:109110000E94FA47A09688E0C030D80791F7DF9107
:10912000CF91089590E026E130E0829FF001839F87
:10913000F00D929FF00D1124E058F14F62870895D1
:109140006093730E089590E026E130E0829FF00175
:10915000839FF00D929FF00D1124E058F14F13867C
:109160001182089590E026E130E0829FF001839F14
:10917000F00D929FF00D1124E058F14F81E0838BA8
:10918000089590E026E130E0829FF001839FF00D8A
:10919000929FF00D1124E058F14F6187089590E0FF
:1091A00026E130E0829FF001839FF00D929FF00D49
:1091B0001124E058F14F6483089590E026E130E0F7
:1091C000829FF001839FF00D929FF00D1124E058D3
:1091D000F14F658308959093DB0E8093DA0E8FE64E
:1091E0008093E00E1092410CE0E8FEE021E08FEF6A
:1091F00098E1208310868683878314861182958365
:1092000076963EE0E83DF307A1F70895DC01ED9185
:10921000FC911197AF014F5F5F4F11965C934E9396
:10922000E4912E2F30E0E7FF13C02F773070369592
:10923000322F222737952795FA014F5F5F4FE49130
:109240008E2F8F77280F311DE7FDF1CF4D935C9363
:10925000C9010895FC01108A12869FEF91876087EB
:10926000138A118A81E08387128A1482968342834B
:1092700008950E949D460895EF92FF920F931F93C9
:10928000CF93DF93182F062FF42EE22EC82FD0E0B5
:1092900086E190E0C89FF001C99FF00DD89FF00DC6
:1092A0001124E058F14F8385882321F081818823A0
:1092B00009F085C0EE2091F486E190E0C89FF001AE
:1092C000C99FF00DD89FF00D1124E058F14F138A7B
:1092D0008285882309F073C0108671C0133059F459
:1092E00081E091E09093750E8093740E81E08093FD
:1092F000730E0F2D08C0812F60E00E949D46812FC4
:109300006F2D0E947E460F3799F486E190E0C89F4A
:10931000F001C99FF00DD89FF00D1124E058F14FD6
:109320008091DD0E87878EED9EE0958B848B30C01B
:1093300089E0089FC0011124E091DA0EF091DB0E64
:10934000E80FF91F3396459154914115510571F479
:1093500086E190E0C89FF001C99FF00DD89FF00D05
:109360001124E058F14F158A148A12C0FA01249191
:1093700086E190E0C89FF001C99FF00DD89FF00DE5
:109380001124E058F14F27874F5F5F4F558B448B77
:1093900086E190E0C89FF001C99FF00DD89FF00DC5
:1093A0001124E058F14F0487118286E1189FC00113
:1093B00011248058914F6E2D4F2D0E942A49DF9124
:1093C000CF911F910F91FF90EF900895CF92DF9270
:1093D000FF920F931F93CF93DF93E9E8FEE0818123
:1093E000282F332727FD30958081280F311D2F3FEF
:1093F000310519F014F02FEF30E0C90137FF02C03A
:1094000080E090E0808376964EE0E13EF40739F705
:109410008091410C882309F028C144C1E091E30EFA
:10942000F091E40E9F012F5F3F4F3093E40E2093A5
:10943000E30E44914F3F69F5A9014F5F5F4F509391
:10944000E40E4093E30EF90184918F3219F41092E7
:10945000410C19C1863009F0FBC0FA013196CF01E9
:1094600001969093E40E8093E30EE491E33529F4A2
:109470009093E70E8093E60EEBC0E53409F0E8C068
:109480008091E60E9091E70E9093E40E8093E30EA8
:10949000DFC047FF02C04093DC0E542F5F70842F63
:1094A00090E0807F9070803B910531F1803C910588
:1094B00081F18039910509F043C0C9010196F90194
:1094C000449101969093E40E8093E30E0197FC0182
:1094D0002491852F90E08C9FF0018D9FF00D9C9F33
:1094E000F00D1124E058F14F8081882309F4B0C0B9
:1094F000220F852F648553C0C9010196F90144915B
:1095000001969093E40E8093E30E0197FC01249161
:1095100053C02F5F3F4F3093E40E2093E30E215052
:109520003040F9012491852F90E08C9FF0018D9FB0
:10953000F00D9C9FF00D1124E058F14F248788C056
:109540008091DC0E582F5F7090E0807F9070803BA0
:10955000910541F1803C910509F46EC08039910577
:1095600009F076C02F5F3F4F3093E40E2093E30E57
:1095700021503040F9012491852F90E08C9FD0013B
:109580008D9FB00D9C9FB00D1124A058B14F8C91B0
:10959000882309F45DC0220F852F1C966C910E94D0
:1095A0003C4956C02F5F3F4F3093E40E2093E30EAB
:1095B00021503040F9012491473071F4852F90E01B
:1095C0008C9FF0018D9FF00D9C9FF00D1124E058B1
:1095D000F14F220F27833CC04B3071F4852F90E070
:1095E0008C9FF0018D9FF00D9C9FF00D1124E05891
:1095F000F14F220F26832CC04C3571F4852F90E05B
:109600008C9FF0018D9FF00D9C9FF00D1124E05870
:10961000F14F220F24831CC04436D1F4852F90E0F3
:109620008C9FF0018D9FF00D9C9FF00D1124E05850
:10963000F14F220F25830CC0852F90E08C9FF00105
:109640008D9FF00D9C9FF00D1124E058F14F448741
:1096500083EE9EE00E9406499093E20E8093E10E15
:109660001092D90E1092D80E02C0C6E1D0E06091DF
:10967000D80E7091D90E8091E10E9091E20E68178C
:10968000790709F4CBCE6F5F7F4F7093D90E60934B
:10969000D80E8091DE0E9091DF0E01969093DF0E32
:1096A0008093DE0E04E51EE0C1E8DEE0FF24BFEF9C
:1096B000CB2ED12C8A89882309F05EC08B899C89A6
:1096C000892B09F456C09F858E85981708F04CC0E9
:1096D00050C08B852B893C898F37E9F4D9018D9156
:1096E000BC8BAB8B8F3F01F1F90161811196BC8B73
:1096F000AB8BE82FF0E0EE0FFF1FE057FF4F01901C
:10970000F081E02D8F2D0995EB89FC8981918E8761
:10971000FC8BEB8B28C0A9014F5F5F4F5C8B4B8BA1
:10972000F90184918F3F21F418821C8A1B8A21C081
:109730004F5F5F4F5C8B4B8B41505040FA016491FF
:1097400090E0880F991F80579F4FFC01259134911D
:109750008F2DF9010995EB89FC893196FC8BEB8BF8
:109760003197E491EE871F869F858E85981709F4BF
:10977000B0CF8F858F5F8F878A85882319F420E08B
:1097800030E06BC088898F3F11F08F5F888B9F819D
:10979000992309F45CC02885222309F458C08E81DE
:1097A000882309F454C04091E00E442309F44FC0CB
:1097B000899FC001112480509F4F892F992730E045
:1097C000B901869F9001879F300D969F300D11241F
:1097D00020503F4F232F33278D8190E0FC012E9F97
:1097E000C0012F9F900D3E9F900D112480509F4FE0
:1097F000892F9927242F30E0AC01429FC001439F5D
:10980000900D529F900D112480509F4F292F332788
:109810008B818823F1F0EA81F0E0E050F346E49197
:10982000E058E89FC001112480509F4F892F99274D
:10983000B601681B790B629FC001639F900D729FF8
:10984000900D112480509F4F292F332702C020E014
:1098500030E08A819C81890F8A83F8012083F39408
:10986000065F1F4F6696F4E0FF1609F023CFDF91E5
:10987000CF911F910F91FF90DF90CF900895EF92BD
:10988000FF920F931F93CF93DF93382F89E0389F78
:10989000C0011124C091DA0ED091DB0EC80FD91F80
:1098A000CE010396FC01A591B491FE0184918150F3
:1098B000823010F413E01DC08091970E8823B1F020
:1098C0008091A30E831711F4442381F48091AD0E8F
:1098D000882371F08091B90E831711F4442341F469
:1098E0009091A70E8091BD0E891710F411E001C070
:1098F00012E0E12EFF24FD01249186E190E0E89E34
:10990000E001E99ED00DF89ED00D1124C058D14F32
:109910002F871196BD8BAC8B3D8701E0098386E1D3
:10992000189FC00111248058914F40E50E942A4998
:10993000133049F481E091E09093750E8093740E9A
:109940000093730E15C08BE090E0E89EF001E99E55
:10995000F00DF89EF00D1124EE0FFF1FEE57F14FA2
:10996000812F60810E947E46812F6A890E949D46D8
:10997000DF91CF911F910F91FF90EF900895FF928B
:109980000F931F93082FF62E0E947E4610E08BE067
:1099900090E0089FF001099FF00D189FF00D112431
:1099A000EE0FFF1FEE57F14FF0821F910F91FF90C6
:1099B0000895962F482F50E02BE030E0429FF001B1
:1099C000439FF00D529FF00D1124EE0FFF1FEE5735
:1099D000F14F6081691B60830E947E460895482F85
:1099E00050E02BE030E0429FF001439FF00D529F8A
:1099F000F00D1124EE0FFF1FEE57F14F9081690F0C
:109A000060830E947E460895000000000000000070
:109A10000000000000000000000000000000000046
:109A20000000000000000000000000000000000036
:109A30000000000000000000000000000000000026
:109A40000000000000000000000000000000000016
:109A50000000000000000000000000000000000006
:109A600000000000000000000000000000000000F6
:109A700000000000000000000000000000000000E6
:109A800000000000000000000000000000000000D6
:109A900000000000000000000000000000000000C6
:109AA00000000000000000000000000000000000B6
:109AB00000000000000000000000000000000000A6
:109AC0000000000000000000000000000000000096
:109AD0000000000000000000000000000000000086
:109AE0000000000000000000000000000000000076
:109AF0000000000000000000000000000000000066
:109B000080E08093530E0895220024002600280050
:109B10002B002D0030003300360039003D0040009E
:109B2000440048004C00510056005B006000660095
:109B30006C00730079008100880090009900A200F9
:109B4000AC00B600C100CC00D800E500F300010174
:109B5000100121013201440157016C01810198017A
:109B6000B001CA01E5010202210241026402880239
:109B7000AE02D7020303300361039403CB03050451
:109B800042048304C70410055D05AF0505066106A0
:109B9000C206290796070908830805098E09200AC5
:109BA000BA0A5D0B0A0CC10C840D510E2B0F12105A
:109BB00007110A121D1340147415BA1614188319CC
:109BC000071BA31C571E24200E22142439267F288D
:109BD000E82A752D293006330F364539AD3C49400A
:109BE0001B442848734CFE50CF55EA5A51600C660E
:109BF0001D6C8B725A79928037885090E598FDA140
:109C00009FABD3B5A3C0000000000000000000001F
:109C10000000000000000000000000000000000044
:109C20000000000000000000000000000000000034
:109C30000000000000000000000000000000000024
:109C40000000000000000000000000000000000014
:109C50000000000000000000000000000000000004
:109C600000000000000000000000000000000000F4
:109C700000000000000000000000000000000000E4
:109C800000000000000000000000000000000000D4
:109C900000000000000000000000000000000000C4
:109CA00000000000000000000000000000000000B4
:109CB00000000000000000000000000000000000A4
:109CC0000000000000000000000000000000000094
:109CD0000000000000000000000000000000000084
:109CE0000000000000000000000000000000000074
:109CF0000000000000000000000000000000000064
:109D0000000306090C101316191C1F2225282B2EE0
:109D1000313336393C3F414447494C4E51535558F5
:109D20005A5C5E60626466686A6B6D6F70717374B2
:109D3000757678797A7A7B7C7D7D7E7E7E7F7F7F6B
:109D40007F7F7F7F7E7E7E7D7D7C7B7A7A79787651
:109D500075747371706F6D6B6A68666462605E5C67
:109D60005A585553514E4C494744413F3C3936337C
:109D7000312E2B2825221F1C191613100C0906033F
:109D800000FDFAF7F4F0EDEAE7E4E1DEDBD8D5D246
:109D9000CFCDCAC7C4C1BFBCB9B7B4B2AFADABA811
:109DA000A6A4A2A09E9C9A9896959391908F8D8C34
:109DB0008B8A88878686858483838282828181815B
:109DC0008181818182828283838485868687888A55
:109DD0008B8C8D8F9091939596989A9C9EA0A2A41F
:109DE000A6A8ABADAFB2B4B7B9BCBFC1C4C7CACDEA
:109DF000CFD2D5D8DBDEE1E4E7EAEDF0F4F7FAFD07
:109E0000808182838485868788898A8B8C8D8E8FDA
:109E1000909192939495969798999A9B9C9D9E9FCA
:109E2000A0A1A2A3A4A5A6A7A8A9AAABACADAEAFBA
:109E3000B0B1B2B3B4B5B6B7B8B9BABBBCBDBEBFAA
:109E4000C0C1C2C3C4C5C6C7C8C9CACBCCCDCECF9A
:109E5000D0D1D2D3D4D5D6D7D8D9DADBDCDDDEDF8A
:109E6000E0E1E2E3E4E5E6E7E8E9EAEBECEDEEEF7A
:109E7000F0F1F2F3F4F5F6F7F8F9FAFBFCFDFEFF6A
:109E8000000102030405060708090A0B0C0D0E0F5A
:109E9000101112131415161718191A1B1C1D1E1F4A
:109EA000202122232425262728292A2B2C2D2E2F3A
:109EB000303132333435363738393A3B3C3D3E3F2A
:109EC000404142434445464748494A4B4C4D4E4F1A
:109ED000505152535455565758595A5B5C5D5E5F0A
:109EE000606162636465666768696A6B6C6D6E6FFA
:109EF000707172737475767778797A7B7C7D7E7FEA
:109F000000020406080A0C0E10121416181A1C1E61
:109F100020222426282A2C2E30323436383A3C3E51
:109F200040424446484A4C4E50525456585A5C5E41
:109F300060626466686A6C6E70727476787A7C7E31
:109F40007F7D7B79777573716F6D6B696765636111
:109F50005F5D5B59575553514F4D4B494745434101
:109F60003F3D3B39373533312F2D2B2927252321F1
:109F70001F1D1B19171513110F0D0B0907050301E1
:109F8000FFFDFBF9F7F5F3F1EFEDEBE9E7E5E3E1D1
:109F9000DFDDDBD9D7D5D3D1CFCDCBC9C7C5C3C1C1
:109FA000BFBDBBB9B7B5B3B1AFADABA9A7A5A3A1B1
:109FB0009F9D9B99979593918F8D8B8987858381A1
:109FC00080828486888A8C8E90929496989A9C9EA1
:109FD000A0A2A4A6A8AAACAEB0B2B4B6B8BABCBE91
:109FE000C0C2C4C6C8CACCCED0D2D4D6D8DADCDE81
:109FF000E0E2E4E6E8EAECEEF0F2F4F6F8FAFCFE71
:10A000007F7F7F7F7F7F7F7F7F7F7F7F7F7F7F7F60
:10A010007F7F7F7F7F7F7F7F7F7F7F7F7F7F7F7F50
:10A020007F7F7F7F7F7F7F7F7F7F7F7F7F7F7F7F40
:10A030007F7F7F7F7F7F7F7F7F7F7F7F7F7F7F7F30
:10A040008080808080808080808080808080808010
:10A050008080808080808080808080808080808000
:10A0600080808080808080808080808080808080F0
:10A0700080808080808080808080808080808080E0
:10A0800080808080808080808080808080808080D0
:10A0900080808080808080808080808080808080C0
:10A0A00080808080808080808080808080808080B0
:10A0B00080808080808080808080808080808080A0
:10A0C0008080808080808080808080808080808090
:10A0D0008080808080808080808080808080808080
:10A0E0008080808080808080808080808080808070
:10A0F0008080808080808080808080808080808060
:10A100007F7F7F7F7F7F7F7F7F7F7F7F7F7F7F7F5F
:10A110007F7F7F7F7F7F7F7F7F7F7F7F7F7F7F7F4F
:10A120007F7F7F7F7F7F7F7F7F7F7F7F7F7F7F7F3F
:10A130007F7F7F7F7F7F7F7F7F7F7F7F7F7F7F7F2F
:10A140007F7F7F7F7F7F7F7F7F7F7F7F7F7F7F7F1F
:10A150007F7F7F7F7F7F7F7F7F7F7F7F7F7F7F7F0F
:10A160007F7F7F7F7F7F7F7F7F7F7F7F7F7F7F7FFF
:10A170007F7F7F7F7F7F7F7F7F7F7F7F7F7F7F7FEF
:10A1800080808080808080808080808080808080CF
:10A1900080808080808080808080808080808080BF
:10A1A00080808080808080808080808080808080AF
:10A1B000808080808080808080808080808080809F
:10A1C000808080808080808080808080808080808F
:10A1D000808080808080808080808080808080807F
:10A1E000808080808080808080808080808080806F
:10A1F000808080808080808080808080808080805F
:10A200007F7F7F7F7F7F7F7F7F7F7F7F7F7F7F7F5E
:10A210007F7F7F7F7F7F7F7F7F7F7F7F7F7F7F7F4E
:10A220007F7F7F7F7F7F7F7F7F7F7F7F7F7F7F7F3E
:10A230007F7F7F7F7F7F7F7F7F7F7F7F7F7F7F7F2E
:10A240007F7F7F7F7F7F7F7F7F7F7F7F7F7F7F7F1E
:10A250007F7F7F7F7F7F7F7F7F7F7F7F7F7F7F7F0E
:10A260007F7F7F7F7F7F7F7F7F7F7F7F7F7F7F7FFE
:10A270007F7F7F7F7F7F7F7F7F7F7F7F7F7F7F7FEE
:10A280007F7F7F7F7F7F7F7F7F7F7F7F7F7F7F7FDE
:10A290007F7F7F7F7F7F7F7F7F7F7F7F7F7F7F7FCE
:10A2A0007F7F7F7F7F7F7F7F7F7F7F7F7F7F7F7FBE
:10A2B0007F7F7F7F7F7F7F7F7F7F7F7F7F7F7F7FAE
:10A2C000808080808080808080808080808080808E
:10A2D000808080808080808080808080808080807E
:10A2E000808080808080808080808080808080806E
:10A2F000808080808080808080808080808080805E
:10A300000309131E28313A40464C5054585B5E6195
:10A31000636567696B6C6E6F707172737475767755
:10A32000777879797A7A7B7B7C7C7C7D7D7D7E7E7B
:10A330007E7E7F7F7F7F7F7F7F7F7F7F7F7F7F7F2F
:10A340007F7F7F7F7F7F7F7F7F7F7F7F7F7E7E7E20
:10A350007E7D7D7D7C7C7C7B7B7A7A797978777752
:10A36000767574737271706F6E6C6B69676563611B
:10A370005E5B5854504C46403A31281E1309030086
:10A38000C6CCD5DBDFE3E5E7E9EAEBECEDEEEFEF9A
:10A39000F0F0F0F1F1F1F1F2F2F2F2F2F2F2F2F3A6
:10A3A000F3F3F3F3F3F3F3F3F3F3F3F3F3F3F3F37D
:10A3B000F3F3F3F3F3F3F3F3F3F3F3F3F3F3F3F36D
:10A3C000F3F3F3F3F3F3F3F3F3F3F3F3F3F3F3F35D
:10A3D000F3F3F3F3F3F3F3F3F3F3F3F3F3F3F3F34D
:10A3E000F2F2F2F2F2F2F2F2F1F1F1F1F0F0F0EF5A
:10A3F000EFEEEDECEBEAE9E7E5E3DFDBD5CCC60019
:10A4000000283D42302D2C2B2C2D2E2F3032333571
:10A4100037393B3D3F414345484A4C4E50535557D1
:10A42000595B5D5F61636567696B6C6E70717374B6
:10A43000757778797A7B7C7D7D7E7E7F7F7F7F7F5D
:10A440007F7F7F7F7F7F7E7E7D7D7C7B7A79787743
:10A4500075747371706E6C6B69676563615F5D5B6A
:10A4600059575553504E4C4A484543413F3D3B395F
:10A4700037353332302F2E2D2C2B2C2D30423D28CA
:10A4800000E9E5FED4D7D7D7D6D4D2D0CECCCAC82F
:10A49000C6C3C1BFBDBAB8B6B4B1AFADABA9A7A56D
:10A4A000A3A19F9E9C9A999795949391908F8D8C40
:10A4B0008B8A89888887868585848484838383833F
:10A4C0008383838383848484858586878888898A37
:10A4D0008B8C8D8F909193949597999A9C9E9FA128
:10A4E000A3A5A7A9ABADAFB1B4B6B8BABDBFC1C340
:10A4F000C6C8CACCCED0D2D4D6D7D7D7D4FEE5E9F9
:10A50000F9F8F9F5EBE1DDDEE0E2E4E5E6E5E4E2C9
:10A51000DED9D2CAC1B7ACA299918A8683818080E4
:10A520008182838586888A8C8D8F90929395969769
:10A5300098999A9B9B9C9D9D9D9E9E9E9F9F9F9F51
:10A540009F9F9F9E9E9E9D9D9D9C9B9B9A99989749
:10A5500096959392908F8D8C8A8886858382818050
:10A56000808183868A9199A2ACB7C1CAD2D9DEE232
:10A57000E4E5E6E5E4E2E0DEDDE1EBF5F9F8F9003B
:10A580000708070B151F2322201E1C1B1A1B1C1E4D
:10A5900022272E363F49545E676F767A7E7F7F7F13
:10A5A0007F7E7D7B7A7876747371706E6D6B6A696D
:10A5B0006867666565646463636262626161616164
:10A5C000616161626262636363646565666768694D
:10A5D0006A6B6D6E7071737476787A7B7D7E7F7F27
:10A5E0007F7F7E7A766F675E54493F362E27221E24
:10A5F0001C1B1A1B1C1E2022231F150B07080700FB
:10A600001F313D444E5354565A5F64696E747679D7
:10A610007C7F7F7F7F7F7F7F7F7F7F7F7F7F7F7F4D
:10A620007F7F7F7F7F7F7F7F7F7F7F7F7F7F7F7F3A
:10A630007F7F7F7F7F7F7F7F7F7F7F7F7F7F7F7F2A
:10A640007F7F7F7F7F7F7F7F7F7F7F7F7F7F7F7F1A
:10A650007F7F7F7F7F7F7F7F7F7F7F7F7F7F7F7F0A
:10A660007F7F7F7F7F7F7F7F7F7F7F7F7F7F7F7FFA
:10A670007F7F7F7F7F7F7F7F7F7F7F7C7871684C4C
:10A680002C1C120C0A0B0A05FDF3E9DFD4CAC0B773
:10A69000AEA69E97918B8685828080808080808008
:10A6A00080808080808080808080808080808080AA
:10A6B000808080808080808080808080808080809A
:10A6C000808080808080808080808080808080808A
:10A6D000808080808080808080808080808080807A
:10A6E000808080808080808080808080808080806A
:10A6F000808080808087919DACC4CBD4DDF2FAFA53
:10A700003091EA0E20E010C0822F90E0FC01EE0FA5
:10A71000FF1FE80FF91FE656F44FA081B181A0504A
:10A72000BE4F82818C932F5F231770F3089580931F
:10A730000001089520910A0C260F20930A0C909195
:10A74000090C980F9093090C203C48F067FD04C059
:10A75000205C20930A0C0895205420930A0C08953D
:10A760008093090C60930A0C08950F931F93CF9365
:10A77000DF93182FFB01B49131960491CB2FD0E0D9
:10A78000BF016F5F7F4FA0E019C0FA01249190E0F4
:10A79000FC01EE0FFF1FEE0FFF1FE80FF91FE05C3B
:10A7A000FA4F228313823F5F4F5F5F4F832F810FEA
:10A7B0003B1758F31B0FAF5F6C0F7D1FA01718F4EA
:10A7C000AB0130E0F3CFDF91CF911F910F9108954E
:10A7D000DF92EF92FF920F931F93CF93DF93182F87
:10A7E000D62E622F70E0A0E0B0E0E42EFF241BC064
:10A7F00090E0FC01EE0FFF1FEE0FFF1FE80FF91FA7
:10A80000E05CFA4F5083C13CD10514F0218301C0B4
:10A8100041833F5F585F832F810F361748F3160F30
:10A820007F5F485F1896701740F4242F205C5D2DE1
:10A8300030E0ED01CE0DDF1DEECFDF91CF911F9106
:10A840000F91FF90EF90DF9008950895E0E4F5E018
:10A8500080EE8083359695E0EA39F907D1F7E0E09C
:10A86000F5E088E1819395E0E034F907D9F70895A0
:10A870001F93CF93DF93FA01549131961491C52F12
:10A88000D0E09F012F5F3F4F70E095E0660F771F8C
:10A890009A95E1F7680F711D40E00CC08491885EC5
:10A8A0008D939F5F31969517C8F34F5F2C0F3D1F17
:10A8B000605E7F4F411730F4DB01A050BE4FF901BD
:10A8C00090E0F1CFDF91CF911F910895982F8823C9
:10A8D00019F48FEF87B9089581E08093ED0E80938E
:10A8E000E90E9093E80E1092EC0E8093EB0E662327
:10A8F00021F08091EB0E8823E1F70895982F8823AB
:10A9000011F417B808958CE08093ED0E8FEF8093CB
:10A91000E90E9093E80E1092EC0E81E08093EB0E1E
:10A92000662321F08091EB0E8823E1F70895809152
:10A93000EB0E8823F9F08091EC0E8823C1F480910E
:10A94000E80E8093EC0E8091ED0EE82FF0E0EB55D1
:10A95000FF4FE491E7B99091E90E980F9093ED0EB7
:10A96000992311F09D3031F41092EB0E089581502F
:10A970008093EC0E08950F931F93CF93DF938C0178
:10A98000C0E0D0E007C00E94E4478823E1F30E94C2
:10A99000E7472196C017D107B4F3DF91CF911F91FC
:10A9A0000F9108952F923F924F925F926F927F92F4
:10A9B0008F929F92AF92BF92CF92DF92EF92FF92CF
:10A9C0000F931F93DF93CF9300D000D0CDB7DEB7A6
:10A9D0001092EA0E80910001882309F4BEC070E451
:10A9E000872E75E0972E7724F4012081203E09F40C
:10A9F00095C08091090C30E0280F311D90910A0C10
:10AA00008181482F50E0490F511DC90163E096959F
:10AA100087956A95E1F78983277019F0F2E0FA8348
:10AA200002C081E08A83CA0153E0969587955A95C2
:10AA3000E1F7982F842F877019F032E0632E02C05F
:10AA400066246394B82EAA242501420E511C192FA6
:10AA5000CC24DD2456C0103310F0832D05C01831EE
:10AA600010F4812F01C0822D003210F4902F02C00B
:10AA7000902F9052282F30E085E0220F331F8A95C7
:10AA8000E1F7290F311DB0E0EB2EB2E0FB2EE20E14
:10AA9000F31EF70160816831F0F04091EA0E483111
:10AAA00000F5842F90E0FC01EE0FFF1FE80FF91F67
:10AAB000E656F44F318320836283862F642F0E94F1
:10AAC00089446091EA0EF70160836F5F6093EA0E3C
:10AAD0006150683130F4872D4B815C8192010E9476
:10AAE0001A458B819C8101969C838B830F5F9A8191
:10AAF000891708F4B0CF0894C11CD11C1F5FC6147D
:10AB000068F480E09C2D9C013C832B830981F8EE46
:10AB10002F2E210EE0ED3E2E310E9DCF7394E5E0F9
:10AB2000F0E08E0E9F1EF2E17F1609F05DCF3091AE
:10AB3000EA0E20E010C0822F90E0FC01EE0FFF1F14
:10AB4000E80FF91FE656F44FA081B181A050BE4F27
:10AB500082818C932F5F231770F30F900F900F90CB
:10AB60000F90CF91DF911F910F91FF90EF90DF90A9
:10AB7000CF90BF90AF909F908F907F906F905F909D
:10AB80004F903F902F9008950E9497540E94D25466
:10AB90000895CF93DF93EC01E3EFFEE020E030E097
:10ABA0008081882339F5D90183E0AA0FBB1F8A95DC
:10ABB000E1F7A21BB30BAF50B14F1296CC93129793
:10ABC0006C9311964C931197FE01E753FF48E49163
:10ABD0001396EC93139716961C92169715961C9243
:10ABE0001E921497259771F48091470F8F5F809381
:10ABF000470F08C02F5F3F4F37962830310581F649
:10AC00002FEF3FEFC901DF91CF910895EF92FF92AF
:10AC10000F93CF93DF937A01E90125E0660F771F49
:10AC20002A95E1F7680F791F40E050E0085E18C0F0
:10AC3000DB0120E030E00DC0FD01E050FE4F00835D
:10AC40001196CD018F719070892B09F490972F5F29
:10AC50003F4F2E153F0584F34F5F5F4F605E7F4F80
:10AC60004C175D072CF3DF91CF910F91FF90EF9080
:10AC70000895EF92FF920F931F93CF93DF93FA0102
:10AC80003491319624918F010F5F1F4F772767FD15
:10AC9000709545E0660F771F4A95E1F7992787FD84
:10ACA0009095680F791FC0E0D0E0E22EFF24232F9B
:10ACB00030E021C0AB01A0E0B0E015C0F801EA0F20
:10ACC000FB1F8491882329F0FA01E050FE4F885E33
:10ACD00080834F5F5F4FCA018F719070892B11F491
:10ACE000405250401196A217B30744F3020F131FAE
:10ACF0002196605E7F4FCE15DF05E4F2DF91CF91A4
:10AD00001F910F91FF90EF9008959C0101974A9732
:10AD100018F4822F805C0895C90180970A9718F46F
:10AD2000822F805F08952D313105A9F02E31310534
:10AD30003CF42B31310569F02C31310591F407C019
:10AD40002E31310551F02F31310559F408C081E21F
:10AD500008958EE208958FE208958FE308958AE2C0
:10AD6000089580E2089580914A0FA82FBB27A7FD80
:10AD7000B0956091580F685E20E030E040E050E010
:10AD80004A175B0714F091E301C094E321153105E4
:10AD900011F4915004C02930310509F49F5FF90185
:10ADA000E75DFA4F960F90832F5F3F4F4A5F5F4FEB
:10ADB0002A30310529F708958091630F8A301CF0FD
:10ADC00089E08093630F8091630F9091580F890FF2
:10ADD000885C80933A0508956F927F928F929F923C
:10ADE000AF92BF92CF92DF92EF92FF920F931F9399
:10ADF000CF93DF934B013A01DC01AA0FBB1FAA0FCF
:10AE0000BB1FA80FB91FA05CBA4F1296ED91FC9121
:10AE10001397ED59FE47B490BB2009F400C19C91F3
:10AE20008091090C082F10E0090F111D780183E0B3
:10AE3000F594E7948A95E1F78FE1E822FF241196D3
:10AE4000AC908A2D869586958695C82EDD24D601F0
:10AE5000F5E0AA0FBB1FFA95E1F7AE0DBF1DA0509C
:10AE6000BE4F2091510F3091520F88EE90E0289FF5
:10AE7000A001299F500D389F500D1124485150407A
:10AE80008C91FA01E80FF11DED56FE47E4913E2F3B
:10AE90003295307F20E0EFE1EE16F10451F4FD0130
:10AEA000B1978081FA01E80FF11DED56FE47E4915C
:10AEB00009C011968C911197FA01E80FF11DED561A
:10AEC000FE47E4919E2F80E0EC01C22BD32BF7E1EB
:10AED000CF16D1045CF590968C919097FA01E80F0B
:10AEE000F11DED56FE47E4916E2F70E0E4E0660F31
:10AEF000771FEA95E1F76C2B7D2B8FE1E816F104C3
:10AF000049F411968C91480F511D4D565E47FA0138
:10AF1000849108C091968C91480F511D4D565E4703
:10AF2000FA018491C82FD0E0C62BD72B209709F4C3
:10AF300076C0A80147705070FB2DF295F07FE0E0DD
:10AF40004115510549F19F012070307A36952795BA
:10AF5000CF018070907563E0969587956A95E1F7CB
:10AF6000282B392BE22BF32B44305105ACF09F01F9
:10AF700020703A7036952795CF018070907503E068
:10AF8000969587950A95E1F7E070F07AF695E79542
:10AF9000E82BF92BE22BF32B4A2D50E04770507031
:10AFA0004115510579F19F0120703C7C369527951C
:10AFB00036952795CF0180709373A6E09695879577
:10AFC000AA95E1F7282B392BE22BF32B44305105BE
:10AFD000CCF09F012C7C30703695279536952795BF
:10AFE000CF018070937366E0969587956A95E1F737
:10AFF000E070FC7CF695E795F695E795E82BF92B44
:10B00000E22BF32B9F012C233D232115310549F021
:10B01000F401F182E082F301D182C08202C020E01B
:10B0200030E0C901DF91CF911F910F91FF90EF9018
:10B03000DF90CF90BF90AF909F908F907F906F9058
:10B0400008955F926F927F928F929F92AF92BF927C
:10B05000CF92DF92EF92FF920F931F93DF93CF93E4
:10B06000CDB7DEB72F970FB6F894DEBF0FBECDBFBA
:10B07000F82E562E59016A014801198200E010E0AD
:10B080003E010894611C711C23C0C601B5012AE071
:10B0900030E040E050E00E94336AF301E00FF11F1E
:10B0A0006083772767FD7095872F972FA61AB70AB9
:10B0B000C80AD90AC601B5012AE030E040E050E0F4
:10B0C0000E94336AC901DA015C016D010F5F1F4FF5
:10B0D000A114B104C104D104C1F681E08816910421
:10B0E00011F4F394F01A0115110539F4E1E08E160C
:10B0F000910409F4FA9401E010E0BF2CB3946E01BE
:10B10000C00ED11E0F2D112707FD1095852D9927F3
:10B1100087FD9095489635E0880F991F3A95E1F79D
:10B12000080F191F00501E4F21C0F6019081EE201C
:10B1300039F08091580F980F985CF801908310C0F7
:10B140004091580F5091590F405E5F4F892F9927BA
:10B1500087FD9095480F591F822F652D0E94D1477A
:10B16000B3940894C108D1080F5F1F4F2B2D2150B5
:10B17000CC16DD06D1F62F960FB6F894DEBF0FBEC3
:10B18000CDBFCF91DF911F910F91FF90EF90DF9096
:10B19000CF90BF90AF909F908F907F906F905F9077
:10B1A0000895EF920F931F9380914B0F90914C0F46
:10B1B000A0914D0FB0914E0F80509A4CAA49BB43BD
:10B1C00060F08FEF99ECAAE9BBE380934B0F90936B
:10B1D0004C0FA0934D0FB0934E0F20914B0F309119
:10B1E0004C0F40914D0F50914E0F81E061E000E017
:10B1F00010E0EE24E3940E9421581F910F91EF90EC
:10B200000895DF92EF92FF920F931F93CF93DF93F6
:10B21000E62ED22E8A01F82EF394CE2DDD27C7FD1F
:10B22000D095689645E0CC0FDD1F4A95E1F7992748
:10B2300087FD9095C80FD91FC050DE4F3FC0892FA2
:10B2400081548A3110F4905423C0892F80538A305E
:10B2500010F490511DC09F3291F090333CF49A321B
:10B2600091F09E3251F0913291F405C09F3349F034
:10B27000933669F40AC09CE10BC09BE109C09DE1D3
:10B2800007C09EE105C09FE103C09CE201C090E0C1
:10B29000DD2031F08091580F885E890F88830AC0C5
:10B2A0004091580F5091590F490F511D822F6E2D0B
:10B2B0000E94D1470F5F1F4FF39421962F2D2150ED
:10B2C000F8019081992309F0BACFDF91CF911F91B6
:10B2D0000F91FF90EF90DF900895CF93DF9382E07E
:10B2E0008093080CC0E0D5E088E1888388A321968C
:10B2F00095E0C032D907C9F781E060E041E051E054
:10B3000021E00E9401598BE060E047E051E021E03C
:10B310000E9401598091580F8A5A888F8F5F898FB8
:10B320000E94D1580E94B3560E94DC56DF91CF9103
:10B3300008950F93CF93DF93EC01FC01A3E0EE0F90
:10B34000FF1FAA95E1F7E81BF90BEF50F14F82813F
:10B350008A3089F18B305CF4833089F084301CF4BE
:10B360008130A4F459C0843009F056C046C08C30F6
:10B3700011F18C305CF081310CF04EC031C0808115
:10B38000618140E050E00E94D14746C0FE0173E079
:10B39000EE0FFF1F7A95E1F7EC1BFD0BEF50F14F1D
:10B3A00080816181772767FD7095992787FD90954A
:10B3B00042E050E02CC0FE0163E0EE0FFF1F6A95F3
:10B3C000E1F7EC1BFD0BEF50F14F80816181772796
:10B3D00067FD7095992787FD909543E050E017C071
:10B3E00080816181772767FD7095992787FD90950A
:10B3F00043E050E023E030E00CC08081618177279A
:10B4000067FD7095992787FD909544E050E022E014
:10B4100030E000E00E940656FE0153E0EE0FFF1FF1
:10B420005A95E1F7EC1BFD0BEF50F14F8091640F43
:10B43000808311821282DF91CF910F910895CF9373
:10B44000DF93C0E0D0E0CE010E9499592196C83028
:10B45000D105C9F7DF91CF9108950F931F93CF9333
:10B46000DF938C01C0E0D0E00DC081E090E00E944D
:10B47000BB5480E00E94EE479E012F5F3F4F83FD4B
:10B4800006C0E901C017D10784F320E030E0C9010C
:10B49000DF91CF911F910F91089503977CF482EB78
:10B4A00090E00E94DF471092520F1092510F88EAED
:10B4B00090E09093590F8093580F089582EB9AE291
:10B4C0000E94DF4781E090E09093520F8093510FEC
:10B4D0001092590F1092580F08957F928F929F9259
:10B4E000AF92BF92CF92DF92EF92FF920F931F9392
:10B4F000CF93DF93882499240E94C36A7B018C0137
:10B500000E94C36A5B016C018091550F93E0890230
:10B51000E00111240E94C36A23E030E040E050E0E3
:10B520000E94556AC60FD71FCA5BDF47FE017490A1
:10B53000C801B7012CE130E040E050E00E94556ABC
:10B54000162FC601B5012AE130E040E050E00E942C
:10B55000556A812F472D50E00E94D1470894811CE5
:10B56000911CFEE18F16910439F68091550F8430BD
:10B5700051F410E0812F67E140E750E00E94D1478D
:10B580001F5F1032B9F7DF91CF911F910F91FF909C
:10B59000EF90DF90CF90BF90AF909F908F907F9073
:10B5A0000895AF92BF92CF92DF92EF92FF920F93E6
:10B5B0001F93CF93DF9381E061E00E947E540E944D
:10B5C000C7470E946D5A10E04091580F5091590F93
:10B5D0004C5C5F4F812F63E00E94D1474091580F30
:10B5E0005091590F4C5C5F4F812F66E10E94D1470B
:10B5F0001F5F1C3149F789E066E04EE051E020E032
:10B600000E94015911E0A12EB12CC12CD12CC0E017
:10B61000D0E0B9E0FB2EFA0C86E06F2DA601950173
:10B6200001E010E0EE240E94215887E06F2D49E1EF
:10B6300051E020E00E940159AE0145555E4F89E07E
:10B640006F2D20E00E940159FE01E553FE4F20813D
:10B6500031814281538185E16F2D0E9421580894E8
:10B66000A11CB11CC11CD11C2496C032D10589F685
:10B6700081E060E00E94665488E592E00E942D5AC5
:10B68000DF91CF911F910F91FF90EF90DF90CF90BE
:10B69000BF90AF900895CF92DF92EF92FF920F93F9
:10B6A0001F93CF93DF9381E061E00E947E540E945C
:10B6B000C74789E067E14BE151E020E00E94015972
:10B6C00088E060E00E946654C0E0D0E080E061E085
:10B6D0000E949A5381E090E00E94BB542196C835A5
:10B6E000D105A1F740914B0F50914C0F60914D0F38
:10B6F00070914E0F8091E7019091E801A091E901CE
:10B70000B091EA0184179507A607B70708F000C1B2
:10B71000E3EEF1E027E030E080819181A281B38106
:10B720003497F22EE32E2150304084179507A60758
:10B73000B70790F30F2D1E2D0115110529F481E097
:10B7400065E046E251E004C084E065E042E451E097
:10B7500020E00E9401596801CC0CDD1CCC0CDD1CE2
:10B76000F601E555FE4F1082F601E553FE4F80913C
:10B770004B0F90914C0FA0914D0FB0914E0F8083C5
:10B780009183A283B3830F5F1F4F9801442737FD36
:10B790004095542F8BE068E000E010E0EE240E941A
:10B7A00021588CE068E049E151E020E00E94015915
:10B7B000C0E0D0E001E010E080E00E94EE477C01B4
:10B7C0008091650F9091660F01969093660F80931C
:10B7D000650F6AE070E00E940C6A039718F4E114A8
:10B7E000F10459F04091580F5091590F400F511FDB
:10B7F0009E01225F822F68E006C09E01225F822F99
:10B8000068E040E050E00E94D147E6FE12C00150DF
:10B810001040C330D10521F40A32110544F009C0AB
:10B8200017FF07C0209719F409E210E002C00BE2ED
:10B8300010E0E7FE18C00F5F1F4FC330D10531F491
:10B840000C32110584F00AE210E00DC0209731F4AB
:10B850000A32110544F001E010E005C00C32110578
:10B8600014F000E010E0E0FE3EC080E00E94EE47F1
:10B87000892BD9F70B32110541F4CC0DDD1DC555CF
:10B88000DE4F1882C4E0D0E02EC09E01225F822FDE
:10B890000A32110581F468E040E050E00E94D1478F
:10B8A000F601EC0FFD1FE555FE4F108221971C1687
:10B8B0001D06CCF044C04091580F5091590F400FD5
:10B8C000511F68E00E94D147C8010E948556F601C9
:10B8D000EC0FFD1FE555FE4F80832196C330D10547
:10B8E00011F40BE210E085E090E00E94BB54C430FC
:10B8F000D1050CF461CF81E061E00E947E540E948A
:10B90000C74780E060E00E94B0530E94D15A04C053
:10B9100088E790E00E942D5A81E061E00E947E5409
:10B9200080E060E00E94B0530E94C747DF91CF9152
:10B930001F910F91FF90EF90DF90CF900895C0E09E
:10B94000D0E001E010E0CFCF0F93CF93DF9381E001
:10B9500061E00E947E540E94C7476BE270E080E085
:10B9600090E00E94C86A0E946D5A86E068E041E15A
:10B9700051E80E94385484E067E148E551E020E056
:10B980000E94015981E060E00E946654C0E0D0E06E
:10B9900089E063E14DE651E020E00E9401598EE12B
:10B9A00090E00E942D5A9C010097B1F489E090E04C
:10B9B00063E170E04AE050E021E030E000E00E9406
:10B9C00006568EE190E00E942D5A9C01009721F4CA
:10B9D0002196CA30D105E1F6C901DF91CF910F91CF
:10B9E00008958F929F92AF92BF92CF92DF92EF9283
:10B9F000FF920F931F93CF93DF93C1EFDEE0EE240E
:10BA0000FF241FE1CC24CA94DC2C2BE0A22EB12C05
:10BA10009CEE892E9FEF992E888187FD188388815F
:10BA200080320CF018822881E22FFF27E7FDF09585
:10BA30008091640F992787FD90950397E817F90780
:10BA400029F0398137FD02C0383124F0C7010E9446
:10BA50009959FCC28A81863009F4EBC1873094F48D
:10BA6000833009F455C0843034F48130D9F0823009
:10BA700009F0E7C22DC0843009F470C0853009F0A8
:10BA8000E0C2A8C08C3009F487C28D303CF48A3003
:10BA900009F4F1C18B3009F0D4C258C281310CF0E5
:10BAA000D0C21AC28C819D816CE370E00E94206A32
:10BAB000009721F04E9709F0C4C205C0822F632F72
:10BAC00041EB50E883C2822F632F47EB50E87EC2E0
:10BAD0008C819D816AE570E00E94206A892B09F0C3
:10BAE000B0C2822F632F4FEF50E80E943956688111
:10BAF000772767FD7095615070404981552747FD54
:10BB000050954150504083E090E00E94C95599C241
:10BB10008C819D8168E070E00E94206A84309105EC
:10BB200059F08730910569F0892B09F08AC2822F7C
:10BB3000632F42E850E007C2822F632F42E750E0B4
:10BB400002C2822F632F40E050E00E94D1478881DB
:10BB50008150888389818150898373C28C819D81C2
:10BB600060E170E00E94206A8830910531F18930EF
:10BB7000910534F4009759F0049709F062C218C097
:10BB80008C309105F9F00F9709F05BC220C0632F4C
:10BB9000772767FD7095CF0144E050E022E030E068
:10BBA00000E00E940656888169814DEB50E80EC284
:10BBB000822F632F45EC50E809C2822F632F4DEC92
:10BBC00050E804C2822F632F45ED50E8FFC1215099
:10BBD000288337C28C819D8142E08335940709F424
:10BBE000EEC052E0843595070CF04BC042E0803344
:10BBF000940709F4BAC052E08133950704F542E096
:10BC00008C31940709F4B1C052E08D31950744F4AA
:10BC1000009709F487C0845A914009F012C2A0C06D
:10BC200052E08632950709F4A0C022E08B329207D9
:10BC300009F4C5C08152924009F003C2C0C052E06D
:10BC40008F33950709F4BBC022E08034920754F487
:10BC500042E08533940709F4B2C08A53924009F058
:10BC6000F0C183C022E08934920709F4A8C042E001
:10BC70008E34940709F479C08454924009F0E1C1EC
:10BC800074C022E08637920709F46FC042E087371C
:10BC9000940714F552E08236950709F466C022E055
:10BCA0008336920754F442E08835940709F45DC066
:10BCB0008D55924009F0C5C182C022E08C369207B2
:10BCC00009F453C042E08137940709F478C08756DD
:10BCD000924009F0B6C173C022E08A38920709F495
:10BCE00044C042E08B38940774F452E080389507E2
:10BCF000E1F122E08538920709F461C08B57924048
:10BD000009F09FC15CC052E08439950709F47EC0F8
:10BD100023E08C30920709F489C08F58924009F0D3
:10BD200090C14DC0822F632F4DED50E80E943956CF
:10BD30000E94C36A28E730E040E050E00E94556A64
:10BD4000970123703070A901489D9001499D300DE5
:10BD5000589D300D1124260F371F3D832C8371C150
:10BD6000822F632F43EE50E831C1632F772767FDA1
:10BD700070956F5F7F4FCF014B974BE150E021E013
:10BD800030E004E30E9406568881992787FD90954C
:10BD90006981772767FD70956E5F7F4F4B974BE109
:10BDA00050E021E030E005E30E94065680910A0C45
:10BDB000882309F046C16EEF0E949A5342C1632F57
:10BDC000772767FD70956F5F7F4FCF014B974BE1F2
:10BDD00050E021E030E005E30E9406568881992773
:10BDE00087FD90956981772767FD70956E5F7F4F1E
:10BDF0004B974BE150E021E030E004E30E9406560F
:10BE00008091090C60E00E94B0531BC1632F77271B
:10BE100067FD70956F5F7F4FCF014B974BE150E00F
:10BE200022E030E000E00E9406560BC1DD82CC82A9
:10BE300008C18C819D8168E270E00E94206A0097B1
:10BE400021F0449709F0FDC011C0822F632F43EF0A
:10BE500050E80E9439560E94C36A2CE030E040E06E
:10BE600050E00E94556A7D836C83EBC0822F632F64
:10BE700049EF50E8ABC08C819D8164E070E00E9486
:10BE8000206A009719F00297C1F411C0632F772739
:10BE900067FD7095CF0143E050E022E030E000E024
:10BEA0000E9406568881698145E051E804C0822FCE
:10BEB000632F4BE051E80E9439568C819D818D3370
:10BEC00091050CF4BEC083709070892B09F0B9C045
:10BED000888181508883B5C08C819D816EE170E03E
:10BEE0000E94206A892B09F0ACC08091510F90917B
:10BEF000520F8A9DA0018B9D500D9A9D500D1124CB
:10BF00004F595F47822F632F0E94395628816981DC
:10BF10008A814091580F5091590F2F3151F46F5F22
:10BF2000435D5F4F992787FD9095480F591F80E02B
:10BF30000AC06F5F435D5F4F992787FD9095480F5B
:10BF4000591F822F8F5F0E94D1477BC08C819D81BA
:10BF50006EE170E00E94206A8A30910559F08431C8
:10BF6000910569F0892B09F06CC0822F632F43E89B
:10BF700050E82CC0822F632F49E850E827C0632F78
:10BF8000772767FD7095CF0142E050E022E030E076
:10BF900000E00E94065652C08C819D816EE170E0E7
:10BFA0000E94206A85309105A1F0863091051CF42D
:10BFB000892B41F046C08A30910581F00F9709F036
:10BFC00040C011C0822F632F4FE850E80E943956BD
:10BFD00038C0822F632F47E950E8F8CF822F632FB4
:10BFE0004FE950E8F3CF632F772767FD7095CF01B6
:10BFF00043E050E022E030E000E00E9406568091ED
:10C00000670F81508093670F1816C4F00E94C36AAF
:10C0100024E030E040E050E00E94556A635F6A83AC
:10C02000DD82CC820E94C36A2AE030E040E050E02A
:10C030000E94556A665F6093670F03C0C7010E9444
:10C0400099598C819D8101969D838C830894E11C74
:10C05000F11C279658E0E516F10409F0DDCCDF91DC
:10C06000CF911F910F91FF90EF90DF90CF90BF90F5
:10C07000AF909F908F9008950F931F93CF93DF936E
:10C0800081E061E00E947E540E94C7470E946D5A81
:10C090008AE062E048E751E020E00E94015910E0A8
:10C0A0004091580F5091590F4C5C5F4F812F64E0C5
:10C0B0000E94D1471F5F1C3199F70E941F5ACDE0A3
:10C0C000D0E006E010E0CE0166E070E0A8010E943A
:10C0D000C95521960B5F1F4FC131D105A1F70E94B1
:10C0E000F15C8BE067E042E851E020E00E940159FA
:10C0F0008BE06CE04BE851E020E00E9401598BE0BE
:10C1000061E146E951E020E00E9401598BE066E1DF
:10C1100042EA51E020E00E94015981E060E00E9483
:10C12000665488E592E00E942D5ADF91CF911F91CD
:10C130000F9108956F927F928F929F92AF92BF92CC
:10C14000CF92DF92EF92FF920F931F93CF93DF93E3
:10C15000C091430FD091440F8091680F882309F05C
:10C1600021C18091620F882339F0C0915A0FD0917C
:10C170005B0FEE24FF2456C0FE0184918F3FC9F768
:10C180002196FE01849121978F3F09F043C088E1F9
:10C190008093680F36C03396849131974491772706
:10C1A00067FD70956350704090E050E00E94C95563
:10C1B0008091530F9091540F04969093540F809355
:10C1C000530FE091530FF091540F84914091EE0E74
:10C1D0005091EF0E90E09A01235030406091640F2F
:10C1E00082179307C1F24F5F5F4F5093EF0E40935A
:10C1F000EE0E862F8F5F8093640F803214F01092C2
:10C20000640FE091530FF091540F3396E491EE23B5
:10C21000C1F6C8C08093620F2296D093440FC0939A
:10C22000430FA3CFFE0144914E010894811C911C41
:10C230004F3F09F05CC02197FE010491F401849105
:10C24000682E77246701530149C0002389F5809146
:10C25000EB019091EC011816190654F11091640F3E
:10C260008091550FF3E08F02E00111240E94C36A10
:10C2700023E030E040E050E00E94556AC60FD71F2F
:10C28000CA5BDF47FE014491812F6C2D50E00E9474
:10C29000D1470E94C36A20E230E040E050E00E94B3
:10C2A000556A6F5F7F4F7093EC016093EB0110C094
:10C2B0008091640F6C2D402F50E00E94D1478091F7
:10C2C000EB019091EC0101979093EC018093EB01CD
:10C2D0000894C11CD11C0894A108B108A114B10490
:10C2E00009F0B3CFE60CF71CE40121960AC0809157
:10C2F000640F6E2D50E00E94D147E4010894E11CC8
:10C30000F11CF8E1EF16F1040CF48CCF18C0339651
:10C310008491319744916091640F772767FD709500
:10C320006350704090E050E00E94C9558091530FD7
:10C330009091540F04969093540F8093530FE09173
:10C34000530FF091540F84914091EE0E5091EF0EE7
:10C3500090E09A012350304082179307C1F28091F8
:10C36000620F882321F081508093620F0CC080916E
:10C37000430F9091440F90935B0F80935A0FD0938B
:10C38000440FC093430F4F5F5F4F5093EF0E4093A6
:10C39000EE0E8091640F8F5F8093640F803214F0F3
:10C3A0001092640FDF91CF911F910F91FF90EF904A
:10C3B000DF90CF90BF90AF909F908F907F906F90C5
:10C3C00008958091490F882319F180917C0E815046
:10C3D00080937C0E1816E4F081E060E00E949A538E
:10C3E0008091090C90E087709070892B11F40E9465
:10C3F0009A608091490F80937C0E8091680F88230A
:10C4000039F081508093680F882311F41092490FFE
:10C410000895AF92BF92CF92DF92EF92FF920F9367
:10C420001F93CF93DF93EC0180E061E00E947E5484
:10C430000E94C74710924A0F1092660F1092650F24
:10C440000E941F5A21978E01000F111F2196F8019B
:10C45000E25CFF47859194919093540F8093530F22
:10C46000E2E4F5E011821082359685E0EC39F807B8
:10C47000C9F782EB90E00E94DF4781E00E9497536A
:10C4800080E060E00E94B0531092680F85E08093D6
:10C49000490F0E94C36A23E030E040E050E00E9470
:10C4A000556A6D5F6093670FC430D10521F480E059
:10C4B0006BE570E803C080E065E570E80E94B55365
:10C4C00098EE9093290F26E520932A0F81E0809320
:10C4D0002B0F10922E0F90934005209341059093BF
:10C4E00045059EE59093460580EF80934A0590931D
:10C4F0004B0588EF80934F0590935005CE010E9425
:10C500004D5A0E946D5A0E946D5982EB9AE20E9428
:10C51000C24783E190E0909357058093560584E1EC
:10C5200090E090935C0580935B0581E090E09093B0
:10C5300061058093600587E090E0909366058093A5
:10C54000650585E090E090936B0580936A05A09661
:10C55000D0937005C0936F05E4E5F5E088E59CE4B1
:10C56000808391833596885F8838D1F780916D05F7
:10C57000885F80936D0588E060E00E946654C0E0AB
:10C58000D0E052E1A52EB12C44E1C42ED12C3CE1E7
:10C59000E32EF12CC43BD105D9F4E4E5F5E080812C
:10C5A0008C5F8083359685E0E237F807C1F73597D1
:10C5B000808188508083B0926605A0926505D092F4
:10C5C0006B05C0926A05F0927005E0926F0544C059
:10C5D000C03FD105E9F4109257051092560510920C
:10C5E0005C0510925B051092610510926005109237
:10C5F00066051092650510926B0510926A051092FF
:10C60000700510926F0582EB93E60E94C24722C02C
:10C61000C13FD105E4F08091290F982F9F5F90933F
:10C62000290F9093400590934505875F80934A05B5
:10C63000885F80934F056091490F772767FD70955C
:10C64000CE010E94206A892BD9F481E016C0CD3D2D
:10C65000D10514F081E004C0C93CD1056CF082E042
:10C6600060E00E949A538091490F87FD8F5F859506
:10C67000992787FD909506C084E060E00E949A5358
:10C6800081E090E00E94BB54219681E0C831D80738
:10C6900009F080CFF801EA5CFF478591949190936F
:10C6A000440F8093430F8091090C8695869586955B
:10C6B0008093640F1092EF0E1092EE0E1092620FA4
:10C6C00010925B0F10925A0FDF91CF911F910F9133
:10C6D000FF90EF90DF90CF90BF90AF900895CF92F2
:10C6E000DF92EF92FF920F931F93CF93DF939C0102
:10C6F000E1EFFEE0CC24DD24B0E0EB012296A28144
:10C70000A530E1F1A6304CF4A1300CF46AC0A3309E
:10C710007CF0A43009F065C018C0AA3049F0AA30F6
:10C720000CF45FC08A2F8D50843008F05AC044C08A
:10C730008081992787FD90952817390799F00196F0
:10C740002817390709F04DC00DC08081992787FD52
:10C750009095281739070CF444C002968217930766
:10C760000CF43FC08181992787FD90956817790760
:10C77000E1F1019668177907A1F537C08081992703
:10C7800087FD90952817390721F00196281739075A
:10C7900041F58181992787FD90956817790721F0E8
:10C7A000019668177907E9F484819581845A91404C
:10C7B00089569140D0F015C08081992787FD9095CA
:10C7C0002817390774F002968217930754F0818175
:10C7D000992787FD90956817790719F4C617D70729
:10C7E00024F4BB2309F4EEC001C0B1E041155105AA
:10C7F00089F4AD50A43070F480912B0F8F5F80933B
:10C800002B0F84301CF083E080932B0FC6010E9415
:10C810009959E1C093819F3F09F4D4C04330510539
:10C8200091F044305105E1F04230510551F5F601E7
:10C8300023E0EE0FFF1F2A95E1F7EC19FD09EF50F9
:10C84000F14F91500BC0F60183E0EE0FFF1F8A9568
:10C85000E1F7EC19FD09EF50F14F9450938311C0AB
:10C86000F60103E0EE0FFF1F0A95E1F7EC19FD0951
:10C87000EF50F14F8681882321F49850938381E013
:10C880008683E60113E0CC0FDD1F1A95E1F7CC1982
:10C89000DD09CF50D14F8B8118160CF49EC080E07B
:10C8A0006FEF41E00E943F4C6A81E62FFF27E7FDD2
:10C8B000F095EE0FFF1FE652FF482591349140E0BE
:10C8C00050E080914B0F90914C0FA0914D0FB09183
:10C8D0004E0F820F931FA41FB51F80934B0F909391
:10C8E0004C0FA0934D0FB0934E0F643009F448C025
:10C8F00065302CF46150623008F06FC035C065308F
:10C9000021F06A3009F069C03BC08881992787FD12
:10C9100090956981772767FD70956F5F7F4F4B9783
:10C920004BE150E022E030E000E00E9406568881B2
:10C930006981772767FD709561507040992787FD61
:10C94000909541E050E024E030E00E940656888156
:10C95000698161508F5F49EE50E80E94395680919D
:10C96000470F81508093470FF601A3E0EE0FFF1FA2
:10C97000AA95E1F7EC19FD09EF50F14F8BE01EC0CD
:10C98000760173E0EE0CFF1C7A95E1F7EC18FD08D8
:10C9900081EF9EE0E80EF91EF70180816181772723
:10C9A00067FD7095992787FD909544E050E022E05F
:10C9B00030E000E00E9406568CE0F7018283158289
:10C9C00014820BC00894C11CD11C379618E0C11604
:10C9D000D10409F094CE80E001C081E0DF91CF91D5
:10C9E0001F910F91FF90EF90DF90CF900895AF923D
:10C9F000BF92CF92DF92EF92FF921F93CF93DF937C
:10CA0000EC016B017A0159018070907F892B11F440
:10CA100010E008C0CB01BA01A9010E946F6310E0C9
:10CA2000811111E0CE0180709F70892B79F0C601D1
:10CA30000196B701A5010E946F63212F30E090E0BD
:10CA4000282B392B10E0232B09F011E09E01207FC9
:10CA500081F0B7016F5F7F4FC601A5010E946F6330
:10CA6000212F30E090E0282B392B10E0232B09F008
:10CA700011E0CF70D070CD2B91F00894E11CF11C27
:10CA8000C6010196B701A5010E946F63212F30E016
:10CA900090E0282B392B10E0232B09F011E0812F97
:10CAA000DF91CF911F91FF90EF90DF90CF90BF90DB
:10CAB000AF9008950F931F93CF93DF93EC018B01F9
:10CAC0006230710509F444C06330710540F46115AA
:10CAD000710571F06130710509F096C02AC06330AC
:10CAE000710509F451C06430710509F08DC06BC047
:10CAF0000496FC01EE0FFF1FEE0FFF1FE80FF91F5A
:10CB0000E05CFA4F13821282FE01EE0FFF1FEC0F62
:10CB1000FD1FEF5CF04F8281843009F075C0E4E7BF
:10CB2000F5E011821082359685E0EC39F807C9F7F7
:10CB30006BC00496FC01EE0FFF1FEE0FFF1FE80F06
:10CB4000F91FE05CFA4F83E090E0938382835CC03E
:10CB500082E06FEF41E00E943F4CCE010496FC0161
:10CB6000EE0FFF1FEE0FFF1FE80FF91FE05CFA4FFB
:10CB700013830283FE01EE0FFF1FEC0FFD1FEF5C1E
:10CB8000F04F81818F5F1CC082E06FEF41E00E9417
:10CB90003F4CCE010496FC01EE0FFF1FEE0FFF1F6E
:10CBA000E80FF91FE05CFA4F86E090E09383828300
:10CBB000FE01EE0FFF1FEC0FFD1FEF5CF04F8181B8
:10CBC0008E7F818321C085E06FEF41E00E943F4C62
:10CBD000FE01EE0FFF1FEC0FFD1FEF5CF04F818198
:10CBE000845081838AE067EA70E80E94B553CE01E1
:10CBF0000496FC01EE0FFF1FEE0FFF1FE80FF91F59
:10CC0000E05CFA4F13821282FE01EE0FFF1FEC0F61
:10CC1000FD1FEF5CF04F0283DF91CF911F910F91C9
:10CC20000895CF93DF93E3E3FFE0C0E0D0E080819D
:10CC3000882379F4CE0161E070E00E945A65FE011C
:10CC4000EE0FFF1FEC0FFD1FEF5CF04F1082118203
:10CC500007C021963396C630D10549F7CFEFDFEFF5
:10CC6000CE01DF91CF9108950F93CF93DF939C0175
:10CC7000EC01CC0FDD1FC80FD91FCF5CD04F8A81CC
:10CC8000882309F47FC06881603E90F0C90160E0AC
:10CC900070E00E945A658A81843009F073C0E7EF22
:10CCA000FEE0108237968FE0EF32F807D1F76AC0C6
:10CCB000843034F48230ECF5813009F063C004C074
:10CCC000843009F05FC03DC08091290F8B5E88835E
:10CCD00040912A0F475F498380914A0F8830F4F0D2
:10CCE0008091650F9091660F83709070892BB1F4DD
:10CCF000C9010496FC01EE0FFF1FEE0FFF1FE80FA6
:10CD0000F91FE05CFA4F82819381019693838283BD
:10CD1000069720F083E090E093838283F901EE0F81
:10CD2000FF1FE20FF31FEF5CF04F822F8C5F6081DB
:10CD300005C06C5F6883822F8C5F498121E001E030
:10CD40001FC0603D80F010927F0510927E0510920A
:10CD5000840510928305109293051092920510920B
:10CD60009805109297056C5FF901EE0FFF1FE20F17
:10CD7000F31FEF5CF04F60838AE0418124E002E022
:10CD80000E94E853DF91CF910F9108954F925F92E7
:10CD90006F927F928F929F92AF92BF92CF92DF92CB
:10CDA000EF92FF920F931F93CF93DF9381E08093D5
:10CDB000480F1092F00E8FEF9FEF9093460F8093E5
:10CDC000450F80914B0F90914C0FA0914D0FB0915A
:10CDD0004E0F80935E0F90935F0FA093600FB09300
:10CDE000610F1092470FAA24AA94BA2C8CE3682EE4
:10CDF0000CEA502E19E0812EB7EF7B2EA8EC4A2EBC
:10CE000099249394F0E1CF2ED12C4CC280E00E9463
:10CE1000EE47182F81E090E00E94BB540E94E16130
:10CE200080912E0F882309F045C116FF3DC08091E7
:10CE30002C0F18161CF410922C0F03C081508093F5
:10CE40002C0F80912C0F873F14F470922C0F80913F
:10CE50002C0F63E00E94FF69582F40912B0F282F61
:10CE6000332727FD3095842F992787FD909590953E
:10CE700081959F4F2817390714F4542F51954091ED
:10CE8000290F242F30E0852F992787FD90959095C5
:10CE900081959F4F281739071CF41092290F2DC038
:10CEA000450F4093290F29C017FF25C080912C0FF3
:10CEB00087FF03C010922C0F03C08F5F80932C0F4D
:10CEC00080912C0F8A3014F080922C0F80912C0FBF
:10CED00063E00E94FF6920912B0F982F28170CF414
:10CEE000922F8091290F890F8093290F893C28F078
:10CEF0004092290F02C010922C0F14FF3DC0809168
:10CF00002D0F18161CF410922D0F03C08150809322
:10CF10002D0F80912D0F873F14F470922D0F80916B
:10CF20002D0F63E00E94FF69582F40912B0F282F8F
:10CF3000332727FD3095842F992787FD909590956D
:10CF400081959F4F2817390714F4542F519540911C
:10CF50002A0F242F30E0852F992787FD90959095F3
:10CF600081959F4F281739071CF410922A0F2DC066
:10CF7000450F40932A0F29C015FF25C080912D0F22
:10CF800087FF03C010922D0F03C08F5F80932D0F7A
:10CF900080912D0F8A3014F080922D0F80912D0FEB
:10CFA00063E00E94FF6920912B0F982F28170CF443
:10CFB000922F80912A0F890F80932A0F8D3A28F0A3
:10CFC00050922A0F02C010922D0F8091450F909120
:10CFD000460F10FF29C08F5F9F4F31F40E941166EA
:10CFE0009093460F8093450F8091450F9091460F87
:10CFF0008F5F9F4FA9F180914A0F8F5F80934A0FF7
:10D000008D337CF060924A0F8091650F9091660F8E
:10D010008F709070892B29F484E06FEF41E00E94BB
:10D020003F4C0E94B3561CC0FFEF8F3F9F07C1F0DB
:10D0300020914A0F2C3319F464E070E007C02E31C0
:10D040001CF063E070E002C062E070E00E945A658C
:10D0500010924A0F0E94B356B092460FA092450F0D
:10D060008091290F8093400590912A0F909341055C
:10D0700080934505985F90934605885F80934A05A5
:10D0800090934B05885F80934F059093500513FF55
:10D090005AC080E00E94EE47892BD9F788EE93E0D2
:10D0A0000E942D5A892BD1F380E00E94EE47892BF4
:10D0B000D9F749C0813009F046C080912F0F909177
:10D0C000300F409751F481E06FEF41E00E943F4CF8
:10D0D00080E067E770E80E94B55380912F0F909130
:10D0E000300F089751F481E06FEF41E00E943F4C10
:10D0F00080E06DE770E80E94B55380912F0F90910A
:10D10000300F892BB9F4109243051092420510920A
:10D1100048051092470510924D0510924C0510924B
:10D120005205109251051092480F8091630F815063
:10D130008093630F80912F0F9091300F0197909300
:10D14000300F80932F0FC0E0D0E0CE010E943466F4
:10D150002196C630D105C9F7E2E4EE2EE5E0FE2EB9
:10D1600007E21FE0C0E0D0E0F70180819181892BC8
:10D1700009F451C0CE0166E57FE04CE55FE00E9416
:10D18000EC569093500F80934F0F009709F443C0D3
:10D19000C430D1051CF56091560F7091570F409126
:10D1A0005C0F50915D0F20E030E00E94F76488230F
:10D1B00091F180912E0F813071F190922E0FD092CB
:10D1C000300FC0922F0F80914F05885080934F05EC
:10D1D000809150058850809350051DC06091560F76
:10D1E0007091570F40915C0F50915D0FCA30D1057F
:10D1F00074F4F8012081332727FD30950E94F764ED
:10D20000CE01049760E070E00E945A6504C024E0FB
:10D2100030E00E94F764219685E090E0E80EF91E68
:10D220000D5F1F4FC231D10509F09ECF20914B0FEA
:10D2300030914C0F40914D0F50914E0F80915E0FE9
:10D2400090915F0FA091600FB091610F281739077F
:10D250004A075B0791F00E94D15880914B0F909143
:10D260004C0FA0914D0FB0914E0F80935E0F909395
:10D270005F0FA093600FB093610F0E94F15C8091EB
:10D28000490F882331F48091470F882311F490923D
:10D29000F00E8091650F9091660F01969093660F46
:10D2A0008093650F8091480F882329F08091F00EBC
:10D2B000882309F4ABCD80910A0C882329F0809152
:10D2C000090C60E00E94B0538CE390E00E94BB54D4
:10D2D00081E061E00E947E5480E00E9497530E94AA
:10D2E000C7478091F00EDF91CF911F910F91FF9072
:10D2F000EF90DF90CF90BF90AF909F908F907F90F6
:10D300006F905F904F9008951F93CF93DF9383E9C1
:10D3100090E70E94EB4812E01092080C80E060E079
:10D320000E94B05380E090E00E944D5A0E94C7478F
:10D330001092550F80E090E00E944D5A0E94A45C2C
:10D34000EC01009751F40E94D15AEC01009729F4A6
:10D350000E943C60EC010097F9F281E061E00E94DC
:10D360007E5481E08093550F10924B0F10924C0F1A
:10D3700010924D0F10924E0F1093630FBE0188272D
:10D3800077FD8095982F0E94C86A8091550F992744
:10D3900087FD90950E94096203C09F5F9093550F8F
:10D3A0008091550F992787FD90950E94C6669091B0
:10D3B000550F882391F7953024F48091630F87FFF0
:10D3C000E4CF1092080C80E060E00E94B05380E04F
:10D3D00090E00E944D5A8091550F853009F49CCF02
:10D3E0000E944B5B99CF991B79E004C0991F961757
:10D3F00008F0961B881F7A95C9F78095089587FBDA
:10D40000082E062687FD819567FD6195ECDF0EF4F9
:10D41000919507FC81950895AA1BBB1B51E107C09C
:10D42000AA1FBB1FA617B70710F0A61BB70B881FB4
:10D43000991F5A95A9F780959095BC01CD01089543
:10D4400097FB092E07260AD077FD04D0E5DF06D02A
:10D4500000201AF4709561957F4F0895F6F7909526
:10D4600081959F4F0895A1E21A2EAA1BBB1BFD01B7
:10D470000DC0AA1FBB1FEE1FFF1FA217B307E407B3
:10D48000F50720F0A21BB30BE40BF50B661F771F0B
:10D49000881F991F1A9469F76095709580959095EB
:10D4A0009B01AC01BD01CF01089597FB092E052614
:10D4B0000ED057FD04D0D7DF0AD0001C38F45095A9
:10D4C0004095309521953F4F4F4F5F4F0895F6F7A8
:10D4D00090958095709561957F4F8F4F9F4F0895E0
:10D4E000A0E0B0E0E6E7FAE60C94F86AEC01A88068
:10D4F000B980CA80DB80A114B104C104D10441F415
:10D5000084E2A82E89EDB82E8BE5C82E87E0D82EB0
:10D51000C601B5012DE133EF41E050E00E94556AAC
:10D5200027EA31E440E050E00E94D16A7B018C019F
:10D53000C601B5012DE133EF41E050E00E94556A8C
:10D54000CA01B9012CEE34EF4FEF5FEF0E94D16AB0
:10D550006E0D7F1D801F911F97FF04C061507040AA
:10D5600080409048688379838A839B839B01AC01C8
:10D570005F77B901CA01CDB7DEB7EAE00C94146B4E
:10D580000E94706A08958DEE91E00E94706A08957D
:10D590006093ED017093EE018093EF019093F001A1
:10D5A0000895629FD001739FF001829FE00DF11DED
:10D5B000649FE00DF11D929FF00D839FF00D749F0D
:10D5C000F00D659FF00D9927729FB00DE11DF91FB9
:10D5D000639FB00DE11DF91FBD01CF011124089516
:10D5E0002F923F924F925F926F927F928F929F9273
:10D5F000AF92BF92CF92DF92EF92FF920F931F9361
:10D60000CF93DF93CDB7DEB7CA1BDB0B0FB6F89411
:10D61000DEBF0FBECDBF09942A88398848885F8451
:10D620006E847D848C849B84AA84B984C884DF80C2
:10D63000EE80FD800C811B81AA81B981CE0FD11DA6
:10D640000FB6F894DEBF0FBECDBFED010895F8947C
:10D65000FFCF0153434F52450043484152474500D5
:10D660004849202053434F524553002E0047414D17
:10D670004520204F56455200594F552042454154B0
:10D680002054484520484947484553542053434F68
:10D6900052452100594F5520474F542041204849B9
:10D6A00047482053434F52452100633230313120E7
:10D6B0005354455645204D41444449534F4E005024
:10D6C00055534820535441525400504F5745522D02
:10D6D00055505300535045454420555000504F5726
:10D6E000455220424F4D4200434841524745204257
:10D6F00045414D004D495353494C45530053414D0D
:10D7000000544F4D00555A4500545558004A494D54
:10D7100000422A41004142430058595A00A0860164
:10D7200000905F0100803801007011010060EA0084
:10D730000050C30000409C0000307500001600013E
:04D7400000000000E5
:00000001FF
